baste,radif,slug,onvan,vajeh,aks-e shekaste,video-ye morde,ham-onvan
A — khooshe-ye eyb-yabi (setare-ye site),1,عیبیابی-میکروتیک-به-روش-متخصصان,عیب‌یابی میکروتیک به روش متخصصان: راهکارهای عملی و سریع,2060,0,0,
A — khooshe-ye eyb-yabi (setare-ye site),2,ترابلشوتینگ-و-رفع-عیب-لینک-های-وایرلس-د,ترابلشوتینگ و رفع عیب لینک های وایرلس در کانال تکنیک های وایرلس,169,1,0,
A — khooshe-ye eyb-yabi (setare-ye site),3,عیب-یابی-میکروتیک,عنوان سئو,3,0,0,
A — khooshe-ye eyb-yabi (setare-ye site),4,عیب-یابی-میکروتیک-2,بیبشسیبسی,1,0,0,
B — goruh-haye ham-onvan,1,فناوری-plc-power-line-carrier,نحوه نصب سخت افزاری رادیو مایکرویو هارمونی دراگون ویو,986,0,0,2
B — goruh-haye ham-onvan,2,cwna-course-10-95,دوره جامع و تخصصی وایرلس,222,0,0,2
B — goruh-haye ham-onvan,3,دوره-mtcna-بهمن-95,دوره مقدماتی میکروتیک (MTCNA),185,0,0,12
B — goruh-haye ham-onvan,4,دوره-mtcna-اسفند-95,دوره مقدماتی میکروتیک (MTCNA),185,0,0,12
B — goruh-haye ham-onvan,5,دوره-mtcna-آذر-95,دوره مقدماتی میکروتیک (MTCNA),184,0,0,12
B — goruh-haye ham-onvan,6,mtcna-09-96,دوره مقدماتی میکروتیک (MTCNA),182,0,0,12
B — goruh-haye ham-onvan,7,برگزاری-دوره-وایرلس-میکروتیک,برگزاری دوره وایرلس میکروتیک (MTCWE),181,1,0,6
B — goruh-haye ham-onvan,8,mtcna-04-96,دوره مقدماتی میکروتیک (MTCNA),179,0,0,12
B — goruh-haye ham-onvan,9,mtcna-05-97,دوره مقدماتی میکروتیک (MTCNA),177,0,0,12
B — goruh-haye ham-onvan,10,mtcna-23-05-97,دوره مقدماتی میکروتیک (MTCNA),177,0,0,12
B — goruh-haye ham-onvan,11,دوره-mtcna-آبان-95,دوره مقدماتی میکروتیک (MTCNA),174,1,0,12
B — goruh-haye ham-onvan,12,mtcwe-11-95,برگزاری دوره وایرلس میکروتیک (MTCWE),174,0,0,6
B — goruh-haye ham-onvan,13,mtcwe-05-97,برگزاری دوره وایرلس میکروتیک (MTCWE),173,0,0,6
B — goruh-haye ham-onvan,14,mtcwe-09-95,برگزاری دوره وایرلس میکروتیک (MTCWE),172,0,0,6
B — goruh-haye ham-onvan,15,mtctce-10-95,برگزاری دوره کنترل ترافیک میکروتیک (MTCTCE),152,0,0,5
B — goruh-haye ham-onvan,16,mtcre-06-97,دوره مسیریابی میکروتیک (MTCRE),149,0,0,4
B — goruh-haye ham-onvan,17,mtcre-10-95,دوره مسیریابی میکروتیک (MTCRE),144,0,0,4
B — goruh-haye ham-onvan,18,mtctce-06-97,برگزاری دوره کنترل ترافیک میکروتیک (MTCTCE),140,0,0,5
B — goruh-haye ham-onvan,19,دوره-mtcna,دوره مقدماتی میکروتیک (MTCNA),129,0,0,12
B — goruh-haye ham-onvan,20,zycoo-voip-10-95,دوره مراکز تلفنی تحت شبکه زایکو,125,0,0,3
B — goruh-haye ham-onvan,21,zycoo-voip-04-97,دوره مراکز تلفنی تحت شبکه زایکو,122,0,0,3
B — goruh-haye ham-onvan,22,zycoo-voip-12-95,دوره مراکز تلفنی تحت شبکه زایکو,120,0,0,3
B — goruh-haye ham-onvan,23,برگزاری-دوره-کنترل-ترافیک-میکروتیک-mtctce-2,برگزاری دوره کنترل ترافیک میکروتیک (MTCTCE),112,0,0,5
B — goruh-haye ham-onvan,24,دوره-mtcna-2,دوره مقدماتی میکروتیک (MTCNA),110,0,0,12
B — goruh-haye ham-onvan,25,دوره-mtcna-3,دوره مقدماتی میکروتیک (MTCNA),109,0,0,12
B — goruh-haye ham-onvan,26,دوره-mtcna-4,دوره مقدماتی میکروتیک (MTCNA),108,0,0,12
B — goruh-haye ham-onvan,27,برگزاری-دوره-کنترل-ترافیک-میکروتیک-mtctce,برگزاری دوره کنترل ترافیک میکروتیک (MTCTCE),104,0,0,5
B — goruh-haye ham-onvan,28,برگزاری-دوره-کنترل-ترافیک-میکروتیک,برگزاری دوره کنترل ترافیک میکروتیک (MTCTCE),101,0,0,5
B — goruh-haye ham-onvan,29,دوره-مسیریابی-میکروتیک-2,دوره مسیریابی میکروتیک (MTCRE),101,0,0,4
B — goruh-haye ham-onvan,30,دوره-مسیریابی-میکروتیک,دوره مسیریابی میکروتیک (MTCRE),101,0,0,4
B — goruh-haye ham-onvan,31,برگزاری-دوره-وایرلس-میکروتیک-2,برگزاری دوره وایرلس میکروتیک (MTCWE),101,0,0,6
B — goruh-haye ham-onvan,32,برگزاری-دوره-وایرلس-میکروتیک-3,برگزاری دوره وایرلس میکروتیک (MTCWE),100,0,0,6
B — goruh-haye ham-onvan,33,mikrotik-mtcwe-course,دوره وایرلس میکروتیک,87,0,0,2
B — goruh-haye ham-onvan,34,دوره-مراکز-تلفنی-زایکو,دوره مراکز تلفنی زایکو,86,0,0,2
B — goruh-haye ham-onvan,35,cwna-course-2,دوره جامع و تخصصی وایرلس,81,0,0,2
B — goruh-haye ham-onvan,36,mikrotik-mtcwe-course-2,دوره وایرلس میکروتیک,80,0,0,2
B — goruh-haye ham-onvan,37,zycoo-voip-course,دوره مراکز تلفنی زایکو,71,0,0,2
B — goruh-haye ham-onvan,38,نحوه-نصب-سخت-افزاری-رادیو-مایکرویو-هار,نحوه نصب سخت افزاری رادیو مایکرویو هارمونی دراگون ویو,6,0,1,2
C — video-ye morde,1,برگزاری-دوره-وایرلس-و-مایکروویو-توسط-ش,برگزاری دوره وایرلس و مایکروویو توسط شرکت داده نما,99,0,2,
C — video-ye morde,2,دانلود-آموزش-آشنایی-با-ispeaker-و-نرم-افزار-pms-شر,دانلود آموزش آشنایی با iSpeaker و نرم افزار PMS شرکت زایکو,38,0,1,
C — video-ye morde,3,دانلود-ترجمه-سمینار-voip-با-سخنرانی-مدیر-ع,دانلود ترجمه سمینار VOIP با سخنرانی مدیر عامل شرکت داده نما,31,0,1,
C — video-ye morde,4,دانلود-کنفرانس-voip-با-سخنرانی-نماینده-زا,دانلود کنفرانس voip با سخنرانی نماینده زایکو,31,0,1,
C — video-ye morde,5,دانلود-نحوه-تنظیم-مرکز-تلفن-زایکو-برای,دانلود نحوه تنظیم مرکز تلفن زایکو برای تماس خروجی با خطوط شهری,26,0,1,
C — video-ye morde,6,دانلود-آموزش-مدیریت-تماس-های-ورودی-به-2,دانلود آموزش مدیریت تماس های ورودی به مرکز تلفن زایکو (بخش اول),25,0,1,
C — video-ye morde,7,دانلود-آموزش-مدیریت-تماس-های-ورودی-به-م,دانلود آموزش مدیریت تماس های ورودی به مرکز تلفن زایکو (بخش دوم),25,0,1,
C — video-ye morde,8,دانلود-ویدئوی-معرفی-سیستم-تلفنی-تحت-شب,دانلود ویدئوی معرفی سیستم تلفنی تحت شبکه زایکو,24,0,1,
C — video-ye morde,9,فیلم-آموزشی-کار-باspectral-history-میکروتیک,فیلم آموزشی کار باspectral history میکروتیک,22,0,1,
C — video-ye morde,10,دانلود-فیلم-آموزشی-رجیستر-کردن-داخلی-ب,دانلود فیلم آموزشی رجیستر کردن داخلی بر روی مرکز تلفن زایکو,21,0,1,
C — video-ye morde,11,دانلود-فیلم-نحوه-پیکره-بندی-رادیوی-شرک,دانلود فیلم نحوه پیکره بندی رادیوی شرکت Cambium Network مدل ePMP,19,0,1,
C — video-ye morde,12,دانلود-اموزش-مونتاژ-دیش-33dbi-وایمکس-نیر,دانلود اموزش مونتاژ دیش 33DBI وایمکس نیر,17,0,1,
C — video-ye morde,13,دانلود-آموزش-مونتاژ-دیش-۳۲dbi-وایمکس-نیر,دانلود آموزش مونتاژ دیش ۳۲DBi وایمکس نیر,17,0,1,
C — video-ye morde,14,دانلود-فیلم-آموزشی-دوره-جامع-وایرلس-دا,دانلود فیلم آموزشی دوره جامع وایرلس داده نما بخش دوم,15,0,1,
C — video-ye morde,15,دانلود-فیلم-آموزشی-دوره-جامع-وایرلس-دا-2,دانلود فیلم آموزشی دوره جامع وایرلس داده نما بخش اول,12,0,1,
C — video-ye morde,16,xpic-و-صرفه-جویی-در-منابع-فرکانسی,XPIC و صرفه جویی در منابع فرکانسی,7,0,3,
C — video-ye morde,17,انواع-کانفیگ-سخت-افزاری-xpicرادیوهای-مای,انواع کانفیگ سخت افزاری XPICرادیوهای مایکرویو RTN,6,0,1,
C — video-ye morde,18,آموزش-کار-با-ligowave-link-calc-بخش-اول,آموزش کار با Ligowave Link calc- بخش اول,6,0,1,
C — video-ye morde,19,نحوه-عملکرد-محافظت-از-نوع-11sd-در-سری-rtn300-هواو,نحوه عملکرد محافظت از نوع ۱+1SD در سری RTN300 هواوی در گذشته,6,0,1,
C — video-ye morde,20,مفهوم-xpic-در-ارتباطات-مایکروویو,مفهوم XPIC در ارتباطات مایکروویو,6,0,1,
C — video-ye morde,21,نحوه-نصب-سخت-افزاری-xpic-در-سری-rtn300-هواوی,نحوه نصب سخت افزاری XPIC در سری RTN300 هواوی,6,0,1,
C — video-ye morde,22,تشریح-محافظتsdوقابلیت-هادریک-ارتباط-ما,تشریح محافظتSDوقابلیت هادریک ارتباط مایکرویووتجهیزات,6,0,1,
C — video-ye morde,23,تشریح-فنی-محافظت-سخت-افزاری-لینک-مایکر,تشریح فنی محافظت سخت افزاری لینک مایکرویو,6,0,1,
C — video-ye morde,24,تشریح-عملکرد-qos-در-رادیوهای-مایکرویو-rtn,تشریح عملکرد Qos در رادیوهای مایکرویو RTN,6,0,1,
C — video-ye morde,25,huawei-rtn-epla-feature-principle-overview,HUAWEI RTN EPLA Feature Principle Overview,6,0,1,
C — video-ye morde,26,روشی-برای-کپسوله-سازی-و-ایجاد-تانلهای-خ,روشی برای کپسوله سازی و ایجاد تانلهای خصوصی مجازی لایه ۲ای,6,0,1,
C — video-ye morde,27,روش-تجمیع-لینک-ها-در-ارتباطات-مایکرویو,روش تجمیع لینک ها در ارتباطات مایکرویو,6,0,1,
C — video-ye morde,28,بخش-دوم-محافظت-لینک-مایکرویو-به-روش-hot-standby,بخش دوم محافظت لینک مایکرویو به روش Hot Standby,6,0,1,
C — video-ye morde,29,1-معرفی-قسمت-network-summary,۱. معرفی قسمت Network Summary,6,0,1,
C — video-ye morde,30,2-معرفی-قسمت-access-points,۲. معرفی قسمت Access Points,6,0,1,
C — video-ye morde,31,3-معرفی-performance-and-client-summary,۳. معرفی Performance and Client Summary,6,0,1,
C — video-ye morde,32,4-معرفی-ap-rf-troubleshooting,۴. معرفی AP RF Troubleshooting,6,0,1,
C — video-ye morde,33,5-معرفی-قسمت-client-summary,۵. معرفی قسمت Client Summary,6,0,1,
C — video-ye morde,34,6-معرفی-client-connectivity-and-mobility-states,۶. معرفی Client Connectivity and Mobility States,6,0,1,
C — video-ye morde,35,7-معرفی-client-troubleshooting,۷. معرفی Client Troubleshooting,6,0,1,
C — video-ye morde,36,huawei-rtn-feature-animation-erps,Huawei RTN Feature Animation ERPS,6,0,1,
C — video-ye morde,37,انواع-تداخلات-فرکانسی-در-ارتباطات-وای,انواع تداخلات فرکانسی در ارتباطات وایرلس,6,0,1,
C — video-ye morde,38,شرحی-ساده-درباره-ی-مایموی-حجیم-و-شکل-دهی,شرحی ساده درباره ی مایموی حجیم و شکل دهی پرتوی سه بعدی,6,0,1,
C — video-ye morde,39,آشنایی-با-فرایند-تولید-رادیو-و-مودم-های,آشنایی با فرایند تولید رادیو و مودم های کمپانی راکام,6,0,1,
C — video-ye morde,40,دانلود-آموزش-تیونینگ-آنتن-مایکروویو,دانلود آموزش تیونینگ آنتن مایکروویو,5,0,1,
C — video-ye morde,41,ویژگی-های-لینک-های-مایکروویو-در-مقایسه,ویژگی های لینک های مایکروویو در مقایسه با فیبر نوری,5,0,1,
C — video-ye morde,42,آموزش-کارکرد-تخصصی-تجمیع-لینک-به-روش-pla-ق,آموزش کارکرد تخصصی تجمیع لینک به روش PLA قسمت اول,5,0,1,
C — video-ye morde,43,انیمیشن-آموزشی-مفهوم-tdd-و-fdd-در-انواع-مایکر,انیمیشن آموزشی مفهوم TDD و FDD در انواع مایکروویو قسمت۱,5,0,1,
C — video-ye morde,44,کلیپ-زیبای-آموزشی-محافظت-لینک-مایکروی,کلیپ زیبای آموزشی محافظت لینک مایکرویو در برابر محوشدگی سیگنال بر اثر مسیر یا فضا و اثرات دریا,5,0,1,
C — video-ye morde,45,تاریخچه-ارتباطات-مایکروویو-از-دیدگاه,تاریخچه ارتباطات مایکروویو از دیدگاه هوآووی,5,0,1,
C — video-ye morde,46,تاریخچه-تولیدات-مایکرویو-هواوی-بعد-از,تاریخچه تولیدات مایکرویو هواوی بعد از سال ۲۰۰۰ تا کنون,5,0,1,
C — video-ye morde,47,نگاهی-به-آینده-ارتباطات-مایکرویو-و-افز,نگاهی به آینده ارتباطات مایکرویو و افزایش ظرفیت ها,5,0,1,
C — video-ye morde,48,انواع-سناریوهایی-که-با-لینک-های-مایکرو,انواع سناریوهایی که با لینک های مایکرویو اجرا می گردد,5,0,1,
C — video-ye morde,49,انواع-ایستگاه-های-مایکرویوو-و-کاربرده,انواع ایستگاه های مایکرویوو و کاربردها,5,0,1,
C — video-ye morde,50,huawei-rtn-feature-animation-eth-oam,HUAWEI RTN Feature Animation ETH OAM,5,0,1,
C — video-ye morde,51,نحوه-عملکرد-تجمیع-لینک-به-روش-pla-در-مایکر,نحوه عملکرد تجمیع لینک به روش PLA در مایکرویو های RTN قسمت دوم,5,0,1,
C — video-ye morde,52,تشریح-مفهوم-tdd-و-fdd-در-ارتباطات-مایکروویو-ق,تشریح مفهوم TDD و FDD در ارتباطات مایکروویو قسمت ۲,5,0,1,
C — video-ye morde,53,نحوه-عملکرد-کنترل-خودکار-قدرت-سیگنال-ا,نحوه عملکرد کنترل خودکار قدرت سیگنال ارسالی رادیوهای مایکرویو (ATPC),5,0,1,
D — aks-e shekaste,1,امنیت-در-شبکه-های-حسگر-بیسیم,امنیت در شبکه های حسگر بیسیم,6966,1,0,
D — aks-e shekaste,2,wpt-یا-انتقال-برق-بصورت-بی-سیم,WPT یا انتقال برق بصورت بی سیم,6768,33,0,
D — aks-e shekaste,3,routing-security-in-ad-hoc-networks,Routing Security in Ad-hoc Networks,5503,11,0,
D — aks-e shekaste,4,soc,SOC چیست؟,4649,7,0,
D — aks-e shekaste,5,شبکههای-adhoc-و-پروتکلهای-مسیریابی-آنها,شبکه‌های Adhoc و پروتکلهای مسیریابی آنها,4497,8,0,
D — aks-e shekaste,6,آشنایی-با-تکنولوژی-wireless-virtualization,آشنایی با تکنولوژی Wireless Virtualization,4185,8,0,
D — aks-e shekaste,7,sql-injection-attack,SQL Injection Attack,3926,1,0,
D — aks-e shekaste,8,cloud-computing,Cloud Computing,3727,2,0,
D — aks-e shekaste,9,بررسي-سرويسهاي-vpn-و-mpls,بررسي سرويس‌هاي VPN و MPLS,3553,11,0,
D — aks-e shekaste,10,کارت-هوشمند,کارت هوشمند,3426,8,0,
D — aks-e shekaste,11,bts-های-مخابراتی,BTS های مخابراتی,2473,3,0,
D — aks-e shekaste,12,آشنایی-با-bluetooth,آشنایی با Bluetooth,2433,1,0,
D — aks-e shekaste,13,certification-authority,Certification Authority,2315,2,0,
D — aks-e shekaste,14,wireless-networks,آشنایی با شبکه های بی سیم,1900,6,0,
D — aks-e shekaste,15,سیستم-مدیریت-ارتباط-با-مشتریان-crm-چیست-؟,سیستم مدیریت ارتباط با مشتریان (CRM) چیست ؟,1800,1,0,
D — aks-e shekaste,16,معرفی-فیبرهای-نوری,معرفی فیبرهای نوری,1793,5,0,
D — aks-e shekaste,17,lte-و-4g,تفاوت LTE و 4G چیست؟,1753,2,0,
D — aks-e shekaste,18,مقایسه-gsm-و-cdma-تفاوت-در-چیست-و-کدام-بهتر-است,مقایسه GSM و CDMA: تفاوت در چیست و کدام بهتر است؟,1698,5,0,
D — aks-e shekaste,19,آشنایی-با-مادون-قرمز,آشنایی با مادون قرمز,1607,1,0,
D — aks-e shekaste,20,امنیت-در-wifi,امنیت در Wifi,1582,5,0,
D — aks-e shekaste,21,آشنایی-با-adsl,ADSL چیست؟,1536,4,0,
D — aks-e shekaste,22,تکنولوژی-wimax,تکنولوژی WIMAX,1413,2,0,
D — aks-e shekaste,23,nfc,فناوری NFC,1397,1,0,
D — aks-e shekaste,24,امنیت-سگنالینگ-در-gsm,امنیت سگنالینگ در GSM,1385,1,0,
D — aks-e shekaste,25,مارکونی-،فردی-که-مخابرات-بیسیم-رادیو,مارکونی ،فردی که مخابرات بی‌سیم رادیویی را ابداع کرد,1310,13,0,
D — aks-e shekaste,26,watermarking,Watermarking,1293,1,0,
D — aks-e shekaste,27,سیستم-مدیریت-امنیت-اطلاعات-یا-isms,سیستم مدیریت امنیت اطلاعات یا ISMS,1273,4,0,
D — aks-e shekaste,28,ac-tech,استاندارد جدید در تکنولوژی ۸۰۲.۱۱,1272,4,0,
D — aks-e shekaste,29,d-to-d-encoding-essay,کدگذاری دیجیتال به دیجیتال,1125,10,0,
D — aks-e shekaste,30,آشنایی-با-کنترلر-شبکه-های-وایرلس-مجازی,آشنایی با کنترلر شبکه های وایرلس مجازی “سیسکو” یا “vWLC”,961,9,0,
D — aks-e shekaste,31,میکروتیک-پیشرو-درشبکه-های,میکروتیک پیشرو درشبکه های,961,17,0,
D — aks-e shekaste,32,محاسبه-فاصله-تحت-پوشش-امواج,محاسبه فاصله تحت پوشش امواج,874,1,0,
D — aks-e shekaste,33,وایرلس-و-وای-فای-چه-تفاوتی-دارند؟,وایرلس و وای-فای چه تفاوتی دارند؟,821,2,0,
D — aks-e shekaste,34,آیا-واقعا-به-استاندارد-802-11ax-نیازی-هست؟,آیا واقعا به استاندارد ۸۰۲.11ax نیازی هست؟,817,3,0,
D — aks-e shekaste,35,کد-واژه-های-امنیت,کد واژه های امنیت,808,2,0,
D — aks-e shekaste,36,passive-reflector,Passive Reflector,737,17,0,
D — aks-e shekaste,37,اثرات-انتشار-سیگنال-بر-سطح-آب-و-داکت,اثرات انتشار سیگنال بر سطح آب و داکت …,726,7,0,
D — aks-e shekaste,38,مقایسه-در-خرید-انتن-های-flat-panel-و-solid-dish,مقایسه در خرید انتن های Flat panel و Solid Dish,721,5,0,
D — aks-e shekaste,39,mate30-معرفی-سالید-دیش-جدید-میکروتیک,Mate30 معرفی سالید دیش جدید میکروتیک,714,10,0,
D — aks-e shekaste,40,کتاب-آشنایی-با-مسیر-یاب-های-میکروتیک,کتاب آشنایی با مسیر یاب های میکروتیک,714,1,0,
D — aks-e shekaste,41,آنالایزر-دستی-و-پیشرفته-مایکرویو-saf-spectrum-compact,آنالایزر دستی و پیشرفته مایکرویو SAF SPECTRUM COMPACT,602,1,0,
D — aks-e shekaste,42,آشنایی-با-ddns,آشنایی با DDNS,580,1,0,
D — aks-e shekaste,43,ارتفاع-مناسب-جهت-نصب-آنتن-وایرلس,ارتفاع مناسب جهت نصب آنتن وایرلس,532,4,0,
D — aks-e shekaste,44,آشنایی-با-کمپانی-راکام-و-مایکرویوهای-ت,آشنایی با کمپانی راکام و مایکرویوهای تولیدی آن,505,8,0,
D — aks-e shekaste,45,بازدید-مدیرعامل-شرکت-داده-نما-از-نمایش,بازدید مدیرعامل شرکت داده نما از نمایشگاه GSMA چین,498,21,0,
D — aks-e shekaste,46,keyloggers,Keyloggers,489,3,0,
D — aks-e shekaste,47,معرفی-ews300-و-ews350-از-engenius,معرفی EWS300 و EWS350 از EnGenius,488,6,0,
D — aks-e shekaste,48,بررسی-دید-مستقیم-یک-لینک-کوتاه,بررسی دید مستقیم یک لینک کوتاه,464,2,0,
D — aks-e shekaste,49,رفع-مشکل-اختلال-فرکانسی-در-باند-5-گیگاهر,رفع مشکل اختلال فرکانسی در باند ۵ گیگاهرتز,463,3,0,
D — aks-e shekaste,50,تداخل-فرکانسی-در-باند-5-و-راه-حل-های-آن,تداخل فرکانسی در باند ۵ و راه حل های آن,434,2,0,
D — aks-e shekaste,51,معرفی-پارامتر-ccq,معرفی پارامتر CCQ,400,1,0,
D — aks-e shekaste,52,cwna-analysis-course-05-96,دوره وایرلس و آنالیز پیشرفته,394,3,0,
D — aks-e shekaste,53,معرفی-مرکز-تست-آنتن-تکتا,معرفی مرکز تست آنتن تکتا,392,8,0,
D — aks-e shekaste,54,اسپکترام-رادیو-میموسا,اسپکترام رادیو میموسا,384,6,0,
D — aks-e shekaste,55,کوتاه-اما-مفید-از-باند-24-گیگاهرتز,کوتاه اما مفید از باند ۲۴ گیگاهرتز,371,2,0,
D — aks-e shekaste,56,آشنایی-باmonitoring-شبکه-های-وایرلس-مجازی-سیسک,آشنایی باMonitoring شبکه های وایرلس مجازی “سیسکو” یا “vWLC”,333,11,0,
D — aks-e shekaste,57,عوامل-موثر-بر-الودگی-فرکانسی-شبکه-های-ب,عوامل موثر بر الودگی فرکانسی شبکه های بیسیم,318,4,0,
D — aks-e shekaste,58,قابلیت-band-steering-چیست-؟-و-در-اکسس-پوینت-های-انج,قابلیت Band Steering چیست ؟ و در اکسس پوینت های انجنیوس چگونه عمل می کند؟,318,1,0,
D — aks-e shekaste,59,3g-4g-wifi-offloading,3G/4G wifi Offloading,310,3,0,
D — aks-e shekaste,60,اموزش-راه-اندازی-dhcp-server-در-روتر-های-سیسکو,اموزش راه اندازی DHCP Server در روتر های سیسکو,292,2,0,
D — aks-e shekaste,61,دوره-تخصصی-وایرلس-و-آنالیز-پیشرفته,دوره تخصصی وایرلس و آنالیز پیشرفته,279,3,0,
D — aks-e shekaste,62,روتر-های-وایرلس,روتر های وایرلس,270,4,0,
D — aks-e shekaste,63,اکسس-پوینت-ens620ext-انجنیوس,اکسس پوینت ENS620EXT انجنیوس,270,4,0,
D — aks-e shekaste,64,معرفی-دستگاه-eap1300-از-برند-انجنیوس,معرفی دستگاه EAP1300 از برند انجنیوس,260,1,0,
D — aks-e shekaste,65,اسلاید-های-آموزشی-مایکروویو,اسلاید های آموزشی مایکروویو,257,16,0,
D — aks-e shekaste,66,آشنایی-مختصر-با-محصولات-جدیدengenius,آشنایی مختصر با محصولات جدیدEnGenius,247,3,0,
D — aks-e shekaste,67,انتن-سکتور-در-باند-۵-گیگاهرتز,انتن سکتور در باند ۵ گیگاهرتز,239,7,0,
D — aks-e shekaste,68,اطلاعات-مفید-در-مورد-رادیوهای-مایکروو,اطلاعات مفید در مورد رادیوهای مایکروویو هواوی,239,16,0,
D — aks-e shekaste,69,آشنایی-با-دکل-مهاری,آشنایی با دکل مهاری,228,4,0,
D — aks-e shekaste,70,familiarity-with-some-of-the-different-parts-of-microwave-ericsson,آشنایی با قابلیت ها و امکانات مختلف مایکروویو اریکسون,226,20,0,
D — aks-e shekaste,71,سمینار-آموزشی-رایگان-تداخل-فرکانسی-و-ر,سمینار آموزشی رایگان تداخل فرکانسی و راهبرد ها,222,1,0,
D — aks-e shekaste,72,رادیوی-epmp1000-محصولی-پایدار-اقتصادی-از-کمبی,رادیوی EPMP1000 محصولی پایدار اقتصادی از کمبیوم نتورک مناسبPTP,204,2,0,
D — aks-e shekaste,73,alcoma-link-budget-calculator,ALCOMA Link Budget Calculator,201,2,0,
D — aks-e shekaste,74,fujitsu-network-broadone,FUJITSU Network BroadOne,195,3,0,
D — aks-e shekaste,75,analysis-wireless-network-communication,۱۲ نکته طلایی و مهم در باره ی آنالیز ارتباطات شبکه های بیسیم وایرلس,192,1,0,
D — aks-e shekaste,76,نکاتی-در-حیطه-ارتباطات-مایکروویو,نکاتی در حیطه ارتباطات مایکروویو,149,9,0,
D — aks-e shekaste,77,آشنایی-با-emr3000-kit-از-انجنیسوس,آشنایی با EMR3000-Kit از انجنیسوس,121,3,0,
D — aks-e shekaste,78,آزمایشگاه-آنتن-پرتابل-برای-اندازه-گیر,آزمایشگاه آنتن پرتابل برای اندازه گیری پارامترهای آنتن هواپیما,119,7,0,
D — aks-e shekaste,79,گزارش-یک-لینک-جالب-برای-انالیز,گزارش یک لینک جالب برای انالیز,101,3,0,
D — aks-e shekaste,80,تداخل-فرکانسی-و-اثرات-مخرب-و-راحل-های-کم,تداخل فرکانسی و اثرات مخرب و راحل های کمبیوم نت ورکرز,94,9,0,
D — aks-e shekaste,81,آشنایی-با-مباحث-موج-با-فرکانس,آشنایی با مباحث موج با فرکانس,89,6,0,
D — aks-e shekaste,82,ارائه-نمودارهای-آماری-در-مورد-مایکروو,ارائه نمودارهای آماری در مورد مایکرووهای هوآوی,83,4,0,
D — aks-e shekaste,83,spectacular-photos-of-antennas-and-microwave-dishes,عکس های دیدنی از آنتن ها و دیش های مایکرویو,82,10,0,
D — aks-e shekaste,84,نکاتی-در-مورد-آنتن-های-radome,نکاتی در مورد آنتن های Radome,77,5,0,
D — aks-e shekaste,85,نکاتی-در-مورد-کمپانی-اینجنیوس,نکاتی در مورد کمپانی اینجنیوس,73,2,0,
D — aks-e shekaste,86,نحوه-استفاده-از-روتر-میکروتیک-به-عنوان,نحوه استفاده از روتر میکروتیک به عنوان ریپیتر وایرلس,72,3,0,
D — aks-e shekaste,87,آزمایشگاه-نصب-و-تست-آنتن-پرتابل-بر-روی-ه,آزمایشگاه نصب و تست آنتن پرتابل بر روی هواپیما,70,5,0,
D — aks-e shekaste,88,تصویر-زیبا-از-داخل-دیش-۱۳-گیگاهرتز-اندر,تصویر زیبا از داخل دیش ۱۳ گیگاهرتز اندرو,61,2,0,
D — aks-e shekaste,89,محاسبات-سیگنالهای-مالتی-پت-منعکس-شده-م,محاسبات سیگنالهای مالتی پت منعکس شده مزاحم,59,3,0,
D — aks-e shekaste,90,برد-داخلی-ایندوریونیت-indoor-unit,برد داخلی ایندوریونیت indoor unit,53,1,0,
D — aks-e shekaste,91,نکاتی-در-مورد-رادیوهای-هوآووی,نکاتی در مورد رادیوهای هوآووی,49,5,0,
D — aks-e shekaste,92,فرمول-محاسبه-فرنل-زون,فرمول محاسبه فرنل زون,43,4,0,
D — aks-e shekaste,93,گزارش-تصویری-دوره-وایرلس-و-مایکروویو-ش,گزارش تصویری دوره وایرلس و مایکروویو شهریور۹۵ تهران,8,2,0,
D — aks-e shekaste,94,photo-of-microwave-wireless-04-95,گزارش تصویری دوره وایرلس و مایکروویو تیر ماه ۹۵,0,2,0,
E — zir-e 40 vajeh,1,company-news-3,جلسه همفکر اصفهان,38,0,0,
E — zir-e 40 vajeh,2,امن-سازی-نرم-افزار-استریسک,امن سازی نرم افزار استریسک,36,0,0,
E — zir-e 40 vajeh,3,دیش-وایمکس-نیر-در-نمایشگاه-بین-المللی-م,دیش وایمکس نیر در نمایشگاه بین المللی مشهد,32,0,0,
E — zir-e 40 vajeh,4,تصاویر-آموزشی-فیدر-و-آنتن,تصاویر آموزشی فیدر و آنتن,22,0,0,
E — zir-e 40 vajeh,5,اسلاید-های-فارسی-آموزش-ارتباطات-مایکر,اسلاید های فارسی آموزش ارتباطات مایکروویو,10,0,0,
E — zir-e 40 vajeh,6,اسلاید-های-فارسی-آموزش-ارتباطات-وایرل,اسلاید های فارسی آموزش ارتباطات وایرلس,10,0,0,
E — zir-e 40 vajeh,7,نحوه-صحیح-بالا-رفتن-از-دکل,نحوه صحیح بالا رفتن از دکل,8,0,0,
F — maghale-ye vagheи (bazbini),1,steganography,Steganography,6760,0,0,
F — maghale-ye vagheи (bazbini),2,rfid-چیست؟,RFID چیست؟,5110,0,0,
F — maghale-ye vagheи (bazbini),3,پروتکل-های-استاندارد-شبکه-های-بی-سیم,پروتکل های استاندارد شبکه های بی سیم,4626,0,0,
F — maghale-ye vagheи (bazbini),4,روشهاي-تشخيص-هويت-بيومتريک,روش‌هاي تشخيص هويت بيومتريک,3460,0,0,
F — maghale-ye vagheи (bazbini),5,انواع-پروتکل-ها-در-یک-ارتباط-امن,انواع پروتکل ها در یک ارتباط امن,3026,0,0,
F — maghale-ye vagheи (bazbini),6,فایروال-چیست؟,فایروال چیست؟,2298,0,0,
F — maghale-ye vagheи (bazbini),7,روش-کدگذاری-هافمن,روش کدگذاری هافمن,2267,0,0,
F — maghale-ye vagheи (bazbini),8,ussd,آیا با USSD آشنایی دارید؟,2075,0,0,
F — maghale-ye vagheи (bazbini),9,احراز-اصالت-کاربران-و-کنترل-دسترسی,احراز اصالت کاربران و کنترل دسترسی,1757,0,0,
F — maghale-ye vagheи (bazbini),10,کاربرد-آنتنهای-رفلکتور-در-شبکههای,کاربرد آنتن‌های رفلکتور در شبکه‌های ارتباطی ماهواره‌ای و زمینی,1747,0,0,
F — maghale-ye vagheи (bazbini),11,بهینهسازی-هزینه-و-عملکرد-شبکه-با-لای,بهینه‌سازی هزینه و عملکرد شبکه با لایسنس Mikrotik CHR,1710,0,0,
F — maghale-ye vagheи (bazbini),12,routeros-به-روز-رسانی-شد,RouterOS به روز رسانی شد,1308,0,0,
F — maghale-ye vagheи (bazbini),13,لایسنس-میکروتیک,لایسنس میکروتیک | معرفی کامل انواع و کاربردها,1251,0,0,
F — maghale-ye vagheи (bazbini),14,شبکه-های-مبتنی-بر-ماهواره,شبکه های مبتنی بر ماهواره,949,0,0,
F — maghale-ye vagheи (bazbini),15,dbi-چیست-؟,dBi چیست ؟,944,0,0,
F — maghale-ye vagheи (bazbini),16,تفاوت-سیستمهای-فشرده-سازی-صوتی,تفاوت سیستمهای فشرده سازی صوتی,938,0,0,
F — maghale-ye vagheи (bazbini),17,linux-essay,نصب مودم در لینوکس,936,0,0,
F — maghale-ye vagheи (bazbini),18,توپولوژیهای-شبکه-محلی-بی-سیم-wlan,توپولوژیهای شبکه محلی بی سیم WLAN,853,0,0,
F — maghale-ye vagheи (bazbini),19,پروتکل-s-mac-در-شبکه-های-حسگر-بیسیم,پروتکل S-MAC در شبکه های حسگر بیسیم,823,0,0,
F — maghale-ye vagheи (bazbini),20,نحوه-راه-اندازی-لینک-diversity-با-استفاده-از-مح,تجربه لینک 90KM Diversity با میموسا,799,0,0,
F — maghale-ye vagheи (bazbini),21,آشنایی-مختصر-با-zigbee,آشنایی مختصر با Zigbee,796,0,0,
F — maghale-ye vagheи (bazbini),22,آشنایی-با-mimo-در-وایرلس,آشنایی با MIMO در وایرلس,786,0,0,
F — maghale-ye vagheи (bazbini),23,analysis-microwave-13-12-99-2,دوره ارتباطات پرظرفیت مایکروویو مقدماتی و پیشرفته اسفند ۹۹,774,0,0,
F — maghale-ye vagheи (bazbini),24,vlan-crs-full-toturial,آموزش VLAN در میکروتیک سری CRS,745,0,0,
F — maghale-ye vagheи (bazbini),25,analysis-microwave-13-12-99,دوره ارتباطات پرظرفیت مایکروویو مقدماتی و پیشرفته تیرماه ۱۴۰۱,689,0,0,
F — maghale-ye vagheи (bazbini),26,autocom2016,برگزاری نمایشگاه بین المللی اتوکام ۲۰۱۶ اصفهان,670,0,0,
F — maghale-ye vagheи (bazbini),27,چرا-باید-از-روتر-میکروتیک-استفاده-کنیم,چرا باید از روتر میکروتیک استفاده کنیم ؟ مزایا و کاربرد ها,576,0,0,
F — maghale-ye vagheи (bazbini),28,mikrotik-introduction,هرچه که باید از میکروتیک بدانیم,500,0,0,
F — maghale-ye vagheи (bazbini),29,difference-between-dish-and-sector-antenna,تفاوت آنتن دیش و سکتور در شبکه های وایرلس – راهنمای کامل انتخاب آنتن مناسب,496,0,0,
F — maghale-ye vagheи (bazbini),30,مبحثی-از-راه-اندازی-لینک-وایرلس,مبحث مقدماتی از راه اندازی لینک وایرلس(میکروتیک),473,0,0,
F — maghale-ye vagheи (bazbini),31,نحوه-محاسبه-لینک-وایرلس,نحوه ی محاسبه قدرت لینک وایرلس,459,0,0,
F — maghale-ye vagheи (bazbini),32,stable-wireless-link-setup,چگونه یک لینک وایرلس پایدار و با کیفیت بسازیم ؟ | راهنمای کامل و حرفه ای,458,0,0,
F — maghale-ye vagheи (bazbini),33,انواع-روترهای-میکروتیک,انواع روترهای میکروتیک,421,0,0,
F — maghale-ye vagheи (bazbini),34,sp-sale,فروش ویژه Air Fiber 5X,415,0,0,
G — baghi,1,نحوه-راهاندازی-bonding-میکروتیک,نحوه راه‌اندازی Bonding-میکروتیک,351,0,0,
G — baghi,2,آنتن-دیش-چیست-dish-antenna-wireless,آنتن دیش چیست ؟ بررسی کاربرد ها و مزایا در شبکه وایرلس,345,0,0,
G — baghi,3,اکسس-پوینت-های-میکروتیک,اکسس پوینت های میکروتیک,308,0,0,
G — baghi,4,buy-wireless-antenna,نکات مهم در خرید آنتن وایرلس,303,0,0,
G — baghi,5,سمینار-تخصصی-رادیوهای-پرظرفیت-میموسا-3,سمینار تخصصی رادیوهای پرظرفیت میموسا,289,0,0,
G — baghi,6,راه-حل-مقابله-با-بد-افزار-ubnt,راه حل مقابله با بد افزار UBNT,235,0,0,
G — baghi,7,fair94,برگزاری نمایشگاه بین المللی اتوکام ۲۰۱۵ اصفهان,217,0,0,
G — baghi,8,برگزاری-همایش-voip-توسط-شرکت-داده-نما-در-نم-2,برگزاری همایش VoIP توسط شرکت داده نما در نمایشگاه اتوکام,180,0,0,
G — baghi,9,mum2015,حضور مدیرعامل شرکت داده نما در MUM 2015 ترکیه,160,0,0,
G — baghi,10,دوره-مهندسی-شبکه-های-بی-سیم,دوره مهندسی شبکه های بی سیم,124,0,0,
G — baghi,11,اولین-سمینار-بین-المللی-زایکو-در-ایران-2,اولین سمینار بین المللی زایکو در ایران,121,0,0,
G — baghi,12,جزیات-تخصصی-محصولات-مایکرویو-اریکسون,جزیات تخصصی محصولات مایکرویو اریکسون ویژه متخصصین,119,0,0,
G — baghi,13,آشنایی-با-ligowave-ptp-5n-pro,آشنایی با Ligowave PTP 5N-PRO,118,0,0,
G — baghi,14,حضور-فعال-نماینده-شرکت-داده-نما-در-نما-2,حضور فعال نماینده شرکت داده نما در نمایشگاه الکامپ ۱۳۹۴ همدان,118,0,0,
G — baghi,15,معرفی-atpc-یا-automatic-transmit-power-control-در-مایکروویو,معرفی ATPC یا AUTOMATIC TRANSMIT POWER CONTROL در مایکروویو,116,0,0,
G — baghi,16,training,برگزاری دوره های میکروتیک و وایرلس در آموزشگاه متاکو,102,0,0,
G — baghi,17,mtcume-course,دوره مسیریابی میکروتیک (MTCUME),101,0,0,
G — baghi,18,آشنایی-با-تکنولوژی-xpic-در-مایکروویو,آشنایی با تکنولوژی XPIC در مایکروویو,99,0,0,
G — baghi,19,جشنواره-فروش-سالید-دیش-های-وایمکس-نیر,جشنواره فروش سالید دیش های وایمکس نیر,96,0,0,
G — baghi,20,mikrotik-mtcna-course,دوره مقدماتی میکروتیک,90,0,0,
G — baghi,21,لزوم-آشنایی-با-مفاهیم-لینک-باجت-در-محاس,لزوم آشنایی با مفاهیم لینک باجت در محاسبه لینک,89,0,0,
G — baghi,22,company-news,نمایشگاه تخصصی مخابرات,73,0,0,
G — baghi,23,mikrotik-mtcume-course,دوره مدیریت کاربران میکروتیک,73,0,0,
G — baghi,24,mikrotik-mtctce-course,دوره کنترل ترافیک میکروتیک,72,0,0,
G — baghi,25,آموزش-تیونینگ-آنتن-های-مایکروویو,آموزش تیونینگ آنتن های مایکروویو,53,0,0,
G — baghi,26,آشنایی-با-passive-injector-میکروتیک,آشنایی با passive injector میکروتیک,50,0,0,
