aslug-e FELI,aslug-e ghadim,pdf-e morde,kod
mikrotik-mtcna-course,mikrotik-mtcna-course,MTCNA_Outline.pdf,200
mikrotik-mtctce-course,mikrotik-mtctce-course,MTCTCE_Outline.pdf,200
mikrotik-mtcume-course,mikrotik-mtcume-course,MTCUME_Outline.pdf,200
mtcume-course,mtcume-course,MTCUME_Outline.pdf,200
دوره-mtcna-اردیبهشت-95,دوره-mtcna-2,MTCNA_Outline.pdf,200
دوره-mtcna-اسفند-94,دوره-mtcna-3,MTCNA_Outline.pdf,200
دوره-mtcna-اصفهان-23-مرداد-97,mtcna-23-05-97,MTCNA_Outline.pdf,200
دوره-mtcna-اصفهان-9-مرداد-97,mtcna-05-97,MTCNA_Outline.pdf,200
دوره-mtcna-اصفهان-آبان-95,دوره-mtcna-آبان-95,MTCNA_Outline.pdf,200
دوره-mtcna-اصفهان-آذر-95,دوره-mtcna-آذر-95,MTCNA_Outline.pdf,200
دوره-mtcna-اصفهان-آذر-96,mtcna-09-96,MTCNA_Outline.pdf,200
دوره-mtcna-اصفهان-اسفند-95,دوره-mtcna-اسفند-95,MTCNA_Outline.pdf,200
دوره-mtcna-اصفهان-بهمن-95,دوره-mtcna-بهمن-95,MTCNA_Outline.pdf,200
دوره-mtcna-اصفهان-تیر-96,mtcna-04-96,MTCNA_Outline.pdf,200
دوره-mtcna-اصفهان-مرداد-95,دوره-mtcna,MTCNA_Outline.pdf,200
دوره-mtcre-اسفند-94,دوره-مسیریابی-میکروتیک,MTCRE_Outline.pdf,200
دوره-mtcre-دی-95,mtcre-10-95,MTCRE_Outline.pdf,200
دوره-mtcre-شهریور-97,mtcre-06-97,MTCRE_Outline.pdf,200
دوره-mtctce-اسفند-94,برگزاری-دوره-کنترل-ترافیک-میکروتیک-mtctce-2,MTCUME_Outline.pdf,200
دوره-mtctce-خرداد-95,برگزاری-دوره-کنترل-ترافیک-میکروتیک-mtctce,MTCUME_Outline.pdf,200
دوره-mtctce-دی-95,mtctce-10-95,MTCUME_Outline.pdf,200
دوره-mtctce-شهریور-97,mtctce-06-97,MTCUME_Outline.pdf,200
دوره-mtcwe-20-مرداد-95,mikrotik-mtcwe-course,MTCWE_Outline.pdf,200
دوره-mtcwe-اسفند-94,برگزاری-دوره-وایرلس-میکروتیک-2,MTCWE_Outline.pdf,200
دوره-mtcwe-اصفهان-24-مرداد-95,mtcwe-05-97,MTCWE_Outline.pdf,200
دوره-mtcwe-اصفهان-آذر-95,mtcwe-09-95,MTCWE_Outline.pdf,200
دوره-mtcwe-اصفهان-بهمن-95,mtcwe-11-95,MTCWE_Outline.pdf,200
دوره-mtcwe-اصفهان-مهر-95,برگزاری-دوره-وایرلس-میکروتیک,MTCWE_Outline.pdf,200
دوره-mtcwe-شهریور-94,mikrotik-mtcwe-course-2,MTCWE_Outline.pdf,200
