/product/,/shop
/product-category/انجنیوس-engenius/,/shop/category/engenius
/product-category/انجنیوس-engenius/page/2/,/shop/category/engenius
/product-category/آنتن-antenna/,/shop/category/antenna-dish
/product-category/mikrotik-products/,/shop/category/mikrotik
/product-category/mimosa/,/shop/category/mimosa
/product-category/میموسا-mimosa/,/shop/category/mimosa
/product-category/cambium-network/,/shop/category/cambium
/product-category/mikrotik-products/mikrotik-switch/,/shop/category/switch-mikrotik
/product-category/mikrotik-products/indoor-wireless/,/shop/category/access-point-mikrotik
/product-category/voip/,/shop/category/voip
/product-category/ubnt/,/shop/category/ubnt
/product-category/mikrotik-products/محصولات-lte-products-lte/,/shop/category/lte-mikrotik
/product-category/mikrotik-products/outdoor-wireless/,/shop/category/wireless-outdoor-mikrotik
/product-category/mikrotik-products/روتر-و-مسیریاب-router/,/shop/category/router-mikrotik
/product-category/mikrotik-products/accessorise/,/shop/category/mikrotik-license
/product-category/آموزش/,/shop/category/آموزش-و-سمینار-شبکه
/product-category/سمینار/,/shop/category/آموزش-و-سمینار-شبکه
/product-category/ligowave/,/shop/category/ligowave
/product-category/ميکروتيک-mikrotik/,/shop/category/mikrotik
/product-category/ميکروتيک-mikrotik/روتر-و-مسیریاب-router/,/shop/category/router-mikrotik
/product-category/ميکروتيک-mikrotik/وایرلس-ایندور-indoor-wireless/,/shop/category/access-point-mikrotik
/product-category/ميکروتيک-mikrotik/محصولات-lte-products-lte/,/shop/category/lte-mikrotik
/product-category/cisco-products/switch/,/shop/category/switch-mikrotik
/product-category/cisco-products/,/shop
/product-category/سیسکو-cisco/,/shop
/تماس-با-ما-2/,/about
/تماس-با-ما-3/,/about
/درباره-ما-2/,/about
/about-us/,/about
/contact-us-2-2/,/about
