fromPath,toPath,note
/%d8%b9%db%8c%d8%a8%db%8c%d8%a7%d8%a8%db%8c-%d9%85%db%8c%da%a9%d8%b1%d9%88%d8%aa%db%8c%da%a9-%d8%a8%d9%87-%d8%b1%d9%88%d8%b4-%d9%85%d8%aa%d8%ae%d8%b5%d8%b5%d8%a7%d9%86/,/blog/عیبیابی-میکروتیک-به-روش-متخصصان,wp-priority-1
/%d8%a8%d9%87%db%8c%d9%86%d9%87%d8%b3%d8%a7%d8%b2%db%8c-%d9%87%d8%b2%db%8c%d9%86%d9%87-%d9%88-%d8%b9%d9%85%d9%84%da%a9%d8%b1%d8%af-%d8%b4%d8%a8%da%a9%d9%87-%d8%a8%d8%a7-%d9%84%d8%a7%db%8c/,/blog/بهینهسازی-هزینه-و-عملکرد-شبکه-با-لای,wp-priority-2
/vlan-crs-full-toturial/,/blog/vlan-crs-full-toturial,wp-priority-2
/%d8%b3%d9%85%db%8c%d9%86%d8%a7%d8%b1-%d8%a2%d9%85%d9%88%d8%b2%d8%b4%db%8c-%d8%b1%d8%a7%db%8c%da%af%d8%a7%d9%86-%d8%aa%d8%af%d8%a7%d8%ae%d9%84-%d9%81%d8%b1%da%a9%d8%a7%d9%86%d8%b3%db%8c-%d9%88-%d8%b1/,/blog/سمینار-آموزشی-رایگان-تداخل-فرکانسی-و-ر,wp-priority-2
/%d9%85%d9%82%d8%a7%db%8c%d8%b3%d9%87-%d8%af%d8%b1-%d8%ae%d8%b1%db%8c%d8%af-%d8%a7%d9%86%d8%aa%d9%86-%d9%87%d8%a7%db%8c-flat-panel-%d9%88-solid-dish/,/blog/مقایسه-در-خرید-انتن-های-flat-panel-و-solid-dish,wp-priority-2
/%d8%a7%d8%b3%d9%84%d8%a7%db%8c%d8%af-%d9%87%d8%a7%db%8c-%d8%a2%d9%85%d9%88%d8%b2%d8%b4%db%8c-%d9%85%d8%a7%db%8c%da%a9%d8%b1%d9%88%d9%88%db%8c%d9%88/,/blog/اسلاید-های-آموزشی-مایکروویو,wp-priority-2
/%d8%a7%d8%b3%d9%84%d8%a7%db%8c%d8%af-%d9%87%d8%a7%db%8c-%d9%81%d8%a7%d8%b1%d8%b3%db%8c-%d8%a2%d9%85%d9%88%d8%b2%d8%b4-%d8%a7%d8%b1%d8%aa%d8%a8%d8%a7%d8%b7%d8%a7%d8%aa-%d9%85%d8%a7%db%8c%da%a9%d8%b1/,/blog/اسلاید-های-فارسی-آموزش-ارتباطات-مایکر,wp-priority-2
/%d8%a7%d8%b3%d9%84%d8%a7%db%8c%d8%af-%d9%87%d8%a7%db%8c-%d9%81%d8%a7%d8%b1%d8%b3%db%8c-%d8%a2%d9%85%d9%88%d8%b2%d8%b4-%d8%a7%d8%b1%d8%aa%d8%a8%d8%a7%d8%b7%d8%a7%d8%aa-%d9%88%d8%a7%db%8c%d8%b1%d9%84/,/blog/اسلاید-های-فارسی-آموزش-ارتباطات-وایرل,wp-priority-2
/%d8%aa%d8%b5%d8%a7%d9%88%db%8c%d8%b1-%d8%a2%d9%85%d9%88%d8%b2%d8%b4%db%8c-%d9%81%db%8c%d8%af%d8%b1-%d9%88-%d8%a2%d9%86%d8%aa%d9%86/,/blog/تصاویر-آموزشی-فیدر-و-آنتن,wp-priority-2
/%d8%a2%d9%85%d9%88%d8%b2%d8%b4-%d8%aa%db%8c%d9%88%d9%86%db%8c%d9%86%da%af-%d8%a2%d9%86%d8%aa%d9%86-%d9%87%d8%a7%db%8c-%d9%85%d8%a7%db%8c%da%a9%d8%b1%d9%88%d9%88%db%8c%d9%88/,/blog/آموزش-تیونینگ-آنتن-های-مایکروویو,wp-priority-2
/%d9%86%da%a9%d8%a7%d8%aa%db%8c-%d8%af%d8%b1-%d8%ad%db%8c%d8%b7%d9%87-%d8%a7%d8%b1%d8%aa%d8%a8%d8%a7%d8%b7%d8%a7%d8%aa-%d9%85%d8%a7%db%8c%da%a9%d8%b1%d9%88%d9%88%db%8c%d9%88/,/blog/نکاتی-در-حیطه-ارتباطات-مایکروویو,wp-priority-2
/%d8%af%d8%a7%d9%86%d9%84%d9%88%d8%af-%d8%a7%d9%85%d9%88%d8%b2%d8%b4-%d9%85%d9%88%d9%86%d8%aa%d8%a7%da%98-%d8%af%db%8c%d8%b4-33dbi-%d9%88%d8%a7%db%8c%d9%85%da%a9%d8%b3-%d9%86%db%8c%d8%b1/,/blog/دانلود-اموزش-مونتاژ-دیش-33dbi-وایمکس-نیر,wp-priority-2
/%d8%af%d8%a7%d9%86%d9%84%d9%88%d8%af-%d8%a2%d9%85%d9%88%d8%b2%d8%b4-%d9%85%d9%88%d9%86%d8%aa%d8%a7%da%98-%d8%af%db%8c%d8%b4-%db%b3%db%b2dbi-%d9%88%d8%a7%db%8c%d9%85%da%a9%d8%b3-%d9%86%db%8c%d8%b1/,/blog/دانلود-آموزش-مونتاژ-دیش-۳۲dbi-وایمکس-نیر,wp-priority-2
/%d8%af%d8%a7%d9%86%d9%84%d9%88%d8%af-%d9%81%db%8c%d9%84%d9%85-%d8%a2%d9%85%d9%88%d8%b2%d8%b4%db%8c-%d8%af%d9%88%d8%b1%d9%87-%d8%ac%d8%a7%d9%85%d8%b9-%d9%88%d8%a7%db%8c%d8%b1%d9%84%d8%b3-%d8%af%d8%a7-2/,/blog/دانلود-فیلم-آموزشی-دوره-جامع-وایرلس-دا-2,wp-priority-2
/%d8%af%d8%a7%d9%86%d9%84%d9%88%d8%af-%d9%81%db%8c%d9%84%d9%85-%d8%a2%d9%85%d9%88%d8%b2%d8%b4%db%8c-%d8%af%d9%88%d8%b1%d9%87-%d8%ac%d8%a7%d9%85%d8%b9-%d9%88%d8%a7%db%8c%d8%b1%d9%84%d8%b3-%d8%af%d8%a7/,/blog/دانلود-فیلم-آموزشی-دوره-جامع-وایرلس-دا,wp-priority-2
/%d8%af%d8%a7%d9%86%d9%84%d9%88%d8%af-%d9%81%db%8c%d9%84%d9%85-%d8%a2%d9%85%d9%88%d8%b2%d8%b4%db%8c-%d8%b1%d8%ac%db%8c%d8%b3%d8%aa%d8%b1-%da%a9%d8%b1%d8%af%d9%86-%d8%af%d8%a7%d8%ae%d9%84%db%8c-%d8%a8/,/blog/دانلود-فیلم-آموزشی-رجیستر-کردن-داخلی-ب,wp-priority-2
/%d8%af%d8%a7%d9%86%d9%84%d9%88%d8%af-%d9%86%d8%ad%d9%88%d9%87-%d8%aa%d9%86%d8%b8%db%8c%d9%85-%d9%85%d8%b1%da%a9%d8%b2-%d8%aa%d9%84%d9%81%d9%86-%d8%b2%d8%a7%db%8c%da%a9%d9%88-%d8%a8%d8%b1%d8%a7%db%8c/,/blog/دانلود-نحوه-تنظیم-مرکز-تلفن-زایکو-برای,wp-priority-2
/%d8%af%d8%a7%d9%86%d9%84%d9%88%d8%af-%d8%a2%d9%85%d9%88%d8%b2%d8%b4-%d9%85%d8%af%db%8c%d8%b1%db%8c%d8%aa-%d8%aa%d9%85%d8%a7%d8%b3-%d9%87%d8%a7%db%8c-%d9%88%d8%b1%d9%88%d8%af%db%8c-%d8%a8%d9%87-2/,/blog/دانلود-آموزش-مدیریت-تماس-های-ورودی-به-2,wp-priority-2
/%d8%af%d8%a7%d9%86%d9%84%d9%88%d8%af-%d8%a2%d9%85%d9%88%d8%b2%d8%b4-%d9%85%d8%af%db%8c%d8%b1%db%8c%d8%aa-%d8%aa%d9%85%d8%a7%d8%b3-%d9%87%d8%a7%db%8c-%d9%88%d8%b1%d9%88%d8%af%db%8c-%d8%a8%d9%87-%d9%85/,/blog/دانلود-آموزش-مدیریت-تماس-های-ورودی-به-م,wp-priority-2
/%d8%af%d8%a7%d9%86%d9%84%d9%88%d8%af-%d8%a2%d9%85%d9%88%d8%b2%d8%b4-%d8%a2%d8%b4%d9%86%d8%a7%db%8c%db%8c-%d8%a8%d8%a7-ispeaker-%d9%88-%d9%86%d8%b1%d9%85-%d8%a7%d9%81%d8%b2%d8%a7%d8%b1-pms-%d8%b4%d8%b1/,/blog/دانلود-آموزش-آشنایی-با-ispeaker-و-نرم-افزار-pms-شر,wp-priority-2
/%d8%af%d8%a7%d9%86%d9%84%d9%88%d8%af-%d9%81%db%8c%d9%84%d9%85-%d9%86%d8%ad%d9%88%d9%87-%d9%be%db%8c%da%a9%d8%b1%d9%87-%d8%a8%d9%86%d8%af%db%8c-%d8%b1%d8%a7%d8%af%db%8c%d9%88%db%8c-%d8%b4%d8%b1%da%a9/,/blog/دانلود-فیلم-نحوه-پیکره-بندی-رادیوی-شرک,wp-priority-2
/%d8%a8%d8%b1%da%af%d8%b2%d8%a7%d8%b1%db%8c-%d8%af%d9%88%d8%b1%d9%87-%d9%88%d8%a7%db%8c%d8%b1%d9%84%d8%b3-%d9%88-%d9%85%d8%a7%db%8c%da%a9%d8%b1%d9%88%d9%88%db%8c%d9%88-%d8%aa%d9%88%d8%b3%d8%b7-%d8%b4/,/blog/برگزاری-دوره-وایرلس-و-مایکروویو-توسط-ش,wp-priority-2
/%d9%81%db%8c%d9%84%d9%85-%d8%a2%d9%85%d9%88%d8%b2%d8%b4%db%8c-%da%a9%d8%a7%d8%b1-%d8%a8%d8%a7spectral-history-%d9%85%db%8c%da%a9%d8%b1%d9%88%d8%aa%db%8c%da%a9/,/blog/فیلم-آموزشی-کار-باspectral-history-میکروتیک,wp-priority-2
/%d8%af%d8%a7%d9%86%d9%84%d9%88%d8%af-%d8%a2%d9%85%d9%88%d8%b2%d8%b4-%d8%aa%db%8c%d9%88%d9%86%db%8c%d9%86%da%af-%d8%a2%d9%86%d8%aa%d9%86-%d9%85%d8%a7%db%8c%da%a9%d8%b1%d9%88%d9%88%db%8c%d9%88/,/blog/دانلود-آموزش-تیونینگ-آنتن-مایکروویو,wp-priority-2
/%d9%88%db%8c%da%98%da%af%db%8c-%d9%87%d8%a7%db%8c-%d9%84%db%8c%d9%86%da%a9-%d9%87%d8%a7%db%8c-%d9%85%d8%a7%db%8c%da%a9%d8%b1%d9%88%d9%88%db%8c%d9%88-%d8%af%d8%b1-%d9%85%d9%82%d8%a7%db%8c%d8%b3%d9%87/,/blog/ویژگی-های-لینک-های-مایکروویو-در-مقایسه,wp-priority-2
/%d8%a2%d9%85%d9%88%d8%b2%d8%b4-%da%a9%d8%a7%d8%b1%da%a9%d8%b1%d8%af-%d8%aa%d8%ae%d8%b5%d8%b5%db%8c-%d8%aa%d8%ac%d9%85%db%8c%d8%b9-%d9%84%db%8c%d9%86%da%a9-%d8%a8%d9%87-%d8%b1%d9%88%d8%b4-pla-%d9%82/,/blog/آموزش-کارکرد-تخصصی-تجمیع-لینک-به-روش-pla-ق,wp-priority-2
/%d8%a7%d9%86%db%8c%d9%85%db%8c%d8%b4%d9%86-%d8%a2%d9%85%d9%88%d8%b2%d8%b4%db%8c-%d9%85%d9%81%d9%87%d9%88%d9%85-tdd-%d9%88-fdd-%d8%af%d8%b1-%d8%a7%d9%86%d9%88%d8%a7%d8%b9-%d9%85%d8%a7%db%8c%da%a9%d8%b1/,/blog/انیمیشن-آموزشی-مفهوم-tdd-و-fdd-در-انواع-مایکر,wp-priority-2
/%da%a9%d9%84%db%8c%d9%be-%d8%b2%db%8c%d8%a8%d8%a7%db%8c-%d8%a2%d9%85%d9%88%d8%b2%d8%b4%db%8c-%d9%85%d8%ad%d8%a7%d9%81%d8%b8%d8%aa-%d9%84%db%8c%d9%86%da%a9-%d9%85%d8%a7%db%8c%da%a9%d8%b1%d9%88%db%8c/,/blog/کلیپ-زیبای-آموزشی-محافظت-لینک-مایکروی,wp-priority-2
/%d8%a7%d9%86%d9%88%d8%a7%d8%b9-%da%a9%d8%a7%d9%86%d9%81%db%8c%da%af-%d8%b3%d8%ae%d8%aa-%d8%a7%d9%81%d8%b2%d8%a7%d8%b1%db%8c-xpic%d8%b1%d8%a7%d8%af%db%8c%d9%88%d9%87%d8%a7%db%8c-%d9%85%d8%a7%db%8c/,/blog/انواع-کانفیگ-سخت-افزاری-xpicرادیوهای-مای,wp-priority-2
/%d8%a2%d9%85%d9%88%d8%b2%d8%b4-%da%a9%d8%a7%d8%b1-%d8%a8%d8%a7-ligowave-link-calc-%d8%a8%d8%ae%d8%b4-%d8%a7%d9%88%d9%84/,/blog/آموزش-کار-با-ligowave-link-calc-بخش-اول,wp-priority-2
/%d9%85%d9%82%d8%a7%db%8c%d8%b3%d9%87-gsm-%d9%88-cdma-%d8%aa%d9%81%d8%a7%d9%88%d8%aa-%d8%af%d8%b1-%da%86%db%8c%d8%b3%d8%aa-%d9%88-%da%a9%d8%af%d8%a7%d9%85-%d8%a8%d9%87%d8%aa%d8%b1-%d8%a7%d8%b3%d8%aa/,/blog/مقایسه-gsm-و-cdma-تفاوت-در-چیست-و-کدام-بهتر-است,wp-priority-2
/training/,/blog/training,wp-priority-2
/%d8%af%d9%88%d8%b1%d9%87-mtcna-4/,/blog/دوره-mtcna-4,wp-priority-2
/%d8%af%d9%88%d8%b1%d9%87-mtcna-3/,/blog/دوره-mtcna-3,wp-priority-2
/mikrotik-mtcna-course/,/blog/mikrotik-mtcna-course,wp-priority-2
/%d8%af%d9%88%d8%b1%d9%87-mtcna-2/,/blog/دوره-mtcna-2,wp-priority-2
/%d8%af%d9%88%d8%b1%d9%87-mtcna/,/blog/دوره-mtcna,wp-priority-2
/%d8%af%d9%88%d8%b1%d9%87-mtcna-%d8%a2%d8%a8%d8%a7%d9%86-95/,/blog/دوره-mtcna-آبان-95,wp-priority-2
/%d8%af%d9%88%d8%b1%d9%87-mtcna-%d8%a2%d8%b0%d8%b1-95/,/blog/دوره-mtcna-آذر-95,wp-priority-2
/%d8%af%d9%88%d8%b1%d9%87-mtcna-%d8%a8%d9%87%d9%85%d9%86-95/,/blog/دوره-mtcna-بهمن-95,wp-priority-2
/%d8%af%d9%88%d8%b1%d9%87-mtcna-%d8%a7%d8%b3%d9%81%d9%86%d8%af-95/,/blog/دوره-mtcna-اسفند-95,wp-priority-2
/mtcna-04-96/,/blog/mtcna-04-96,wp-priority-2
/mtcna-09-96/,/blog/mtcna-09-96,wp-priority-2
# KHAREJ AZ IN IMPORT — maghale-ye maghsad hanuz montasher nashode (draft).
# ba'd az enteshar, hamin satr ra az panel ya ba POST /api/v1/legacy-redirects ezafe kon:
# /analysis-microwave-seminar-10-96/,/blog/analysis-microwave-seminar-10-96,wp-priority-2
/mtcna-05-97/,/blog/mtcna-05-97,wp-priority-2
/mtcna-23-05-97/,/blog/mtcna-23-05-97,wp-priority-2
/%d8%b3%d9%85%db%8c%d9%86%d8%a7%d8%b1-%d8%aa%d8%ae%d8%b5%d8%b5%db%8c-%d8%b1%d8%a7%d8%af%db%8c%d9%88%d9%87%d8%a7%db%8c-%d9%be%d8%b1%d8%b8%d8%b1%d9%81%db%8c%d8%aa-%d9%85%db%8c%d9%85%d9%88%d8%b3%d8%a7/,/blog/سمینار-تخصصی-رادیوهای-پرظرفیت-میموسا-3,wp-priority-2
/%d9%86%d8%ad%d9%88%d9%87-%d8%b1%d8%a7%d9%87%d8%a7%d9%86%d8%af%d8%a7%d8%b2%db%8c-bonding-%d9%85%db%8c%da%a9%d8%b1%d9%88%d8%aa%db%8c%da%a9/,/blog/نحوه-راهاندازی-bonding-میکروتیک,wp-priority-2
/%d9%85%d8%a8%d8%ad%d8%ab%db%8c-%d8%a7%d8%b2-%d8%b1%d8%a7%d9%87-%d8%a7%d9%86%d8%af%d8%a7%d8%b2%db%8c-%d9%84%db%8c%d9%86%da%a9-%d9%88%d8%a7%db%8c%d8%b1%d9%84%d8%b3/,/blog/مبحثی-از-راه-اندازی-لینک-وایرلس,wp-priority-2
/%d9%86%d8%ad%d9%88%d9%87-%d9%85%d8%ad%d8%a7%d8%b3%d8%a8%d9%87-%d9%84%db%8c%d9%86%da%a9-%d9%88%d8%a7%db%8c%d8%b1%d9%84%d8%b3/,/learn,ابزارِ محاسبهٔ لینک — موقتاً به صفحهٔ آموزش