aslug-e ghadimi,jomle-ye tamas
mtcna-04-96,برای کسب اطلاعات بیشتر با شماره تلفن های ۸۰۰-۹۵۰۱۲۶۰۰-۰۳۱ و ۱۲-۳۶۶۱۸۵۱۰-۰۳۱ داخلی ۲۶ ، مدیرت آموزش آقای مهندس احمدی تماس حاصل نمایید.
mtcna-05-97,برای کسب اطلاعات بیشتر با شماره تلفن های ۸۰۰-۹۵۰۱۲۶۰۰-۰۳۱ و ۱۲-۳۶۶۱۸۵۱۰-۰۳۱ داخلی ۲۶ ، مدیرت آموزش آقای مهندس احمدی تماس حاصل نمایید.
mtcna-09-96,برای کسب اطلاعات بیشتر با شماره تلفن های ۸۰۰-۹۵۰۱۲۶۰۰-۰۳۱ و ۱۲-۳۶۶۱۸۵۱۰-۰۳۱ داخلی ۲۶ ، مدیرت آموزش آقای مهندس احمدی تماس حاصل نمایید.
mtcna-23-05-97,برای کسب اطلاعات بیشتر با شماره تلفن های ۸۰۰-۹۵۰۱۲۶۰۰-۰۳۱ و ۱۲-۳۶۶۱۸۵۱۰-۰۳۱ داخلی ۲۶ ، مدیرت آموزش آقای مهندس احمدی تماس حاصل نمایید.
دوره-mtcna,برای کسب اطلاعات بیشتر با شماره تلفن های ۸۰۰-۹۵۰۱۲۶۰۰-۰۳۱ و ۱۲-۳۶۶۱۸۵۱۰-۰۳۱ داخلی ۳۴، مدیرت آموزش آقای مهندس موسوی تماس حاصل نمایید.
دوره-mtcna-2,برای کسب اطلاعات بیشتر با شماره تلفن های ۸۰۰-۹۵۰۱۲۶۰۰-۰۳۱ و ۱۲-۳۶۶۱۸۵۱۰-۰۳۱ داخلی ۳۴، مدیرت آموزش آقای مهندس موسوی تماس حاصل نمایید.
دوره-mtcna-3,برای کسب اطلاعات بیشتر با شماره تلفن های ۸۰۰-۹۵۰۱۲۶۰۰-۰۳۱ و ۱۲-۳۶۶۱۸۵۱۰-۰۳۱ داخلی ۳۴، مدیرت آموزش آقای مهندس موسوی تماس حاصل نمایید.
دوره-mtcna-4,برای کسب اطلاعات بیشتر با شماره تلفن های ۸۰۰-۹۵۰۱۲۶۰۰-۰۳۱ و ۱۲-۳۶۶۱۸۵۱۰-۰۳۱ داخلی ۳۴، مدیرت آموزش آقای مهندس موسوی تماس حاصل نمایید.
دوره-mtcna-آبان-95,برای کسب اطلاعات بیشتر با شماره تلفن های&nbsp;۸۰۰-۹۵۰۱۲۶۰۰-۰۳۱ و ۱۲-۳۶۶۱۸۵۱۰-۰۳۱&nbsp;داخلی ۲۶ ، مدیرت آموزش آقای مهندس احمدی تماس حاصل نمایید.
دوره-mtcna-آذر-95,برای کسب اطلاعات بیشتر با شماره تلفن های ۸۰۰-۹۵۰۱۲۶۰۰-۰۳۱ و ۱۲-۳۶۶۱۸۵۱۰-۰۳۱ داخلی ۲۶ ، مدیرت آموزش آقای مهندس احمدی تماس حاصل نمایید.
دوره-mtcna-اسفند-95,برای کسب اطلاعات بیشتر با شماره تلفن های ۸۰۰-۹۵۰۱۲۶۰۰-۰۳۱ و ۱۲-۳۶۶۱۸۵۱۰-۰۳۱ داخلی ۲۶ ، مدیرت آموزش آقای مهندس احمدی تماس حاصل نمایید.
دوره-mtcna-بهمن-95,برای کسب اطلاعات بیشتر با شماره تلفن های ۸۰۰-۹۵۰۱۲۶۰۰-۰۳۱ و ۱۲-۳۶۶۱۸۵۱۰-۰۳۱ داخلی ۲۶ ، مدیرت آموزش آقای مهندس احمدی تماس حاصل نمایید.
