product_id,holoo_code,name,category,kind,bands_mhz,gain_dbi,antenna_type,diameter_cm,beamwidth_deg,polarization,tx_max_dbm,tx_cond,sens_low_dbm,sens_low_cond,sens_high_dbm,sens_high_cond,compat_family,source_url,source_checked,notes
6a5cbe4089e6bfd0ee962813,DN-0001,HGO-antenna-OUT میکروتیک,antenna-dish,ANTENNA,2400-2500;5150-5850,6.7,OMNI,,,SINGLE,,,,,,,,https://mikrotik.com/product/hgo_antenna_out,1405/07/10,⚠ برخلافِ فرضِ تسک: این محصول منبعِ رسمی دارد؛ HGO-antenna-OUT محصولِ خودِ MikroTik است (کدِ محصول «HGO-antenna-OUT»، صفحهٔ https://mikrotik.com/product/hgo_antenna_out ، بروشور https://cdn.mikrotik.com/web-assets/product_files/HGO-antenna-OUT_260615.pdf). «HGO» برندِ جدا نیست. مشخصاتِ بروشور (صفحهٔ ۱، جدول): Frequency range 2.4–2.5 GHz / 5.15–5.85 GHz؛ Antenna type Omnidirectional؛ Gain 3.6 dBi (2.4 GHz)، 6.7 dBi (5 GHz)؛ Polarization Linear (=SINGLE)؛ Impedance 50Ω؛ Connector RP-SMA Male. متنِ رسمی: «screw-on omnidirectional antenna ... Simply attach two antennas to a compatible device such as the NetMetal ax» (آنتنِ پیچ‌شوندهٔ کوچک، نه دیش). gain_dbi=6.7 یعنی بیشینه (باند ۵ گیگ)؛ در باند ۲٫۴ گیگ سازنده 3.6 می‌دهد (یک عددِ واحد برای دوباندی کافی نیست؛ مدیر تصمیم بگیرد: اگر ستونِ تک‌بانده می‌خواهد باید برای ۵GHz همین 6.7 بماند). beamwidth_deg: در منبع نیست (فقط نمودارِ الگوی تشعشع، بدونِ عددِ پهنای پرتو). diameter_cm: دیش نیست، خالی. اختلاف با سایت: (۱) سایت «برند: HGO» ولی سازنده MikroTik است؛ (۲) توضیحاتِ سایت «کانکتور N-Female یا SMA» ولی منبع فقط RP-SMA Male است؛ (۳) سایت بهره و باند را اصلاً ندارد (فقط «آنتن اوتدر»)؛ منبع: 2.4+5GHz، 3.6/6.7dBi؛ (۴) سایت در دستهٔ antenna-dish است ولی این یک همه‌جهتهٔ کوچک (omni) با بهرهٔ ۶٫۷dBi است، نه دیش؛ پیشنهادش برای لینکِ نقطه‌به‌نقطه نادرست است و باید در «محصولاتِ پیشنهادی» لینک‌های PTP فیلتر شود؛ (۵) توضیحاتِ سایت «بهبود پوشش در محیط‌های وسیع، بام و دکل» ادعایی است که منبع نمی‌گوید؛ منبع: آنتنِ جایگزین برایِ NetMetal ax جهتِ ساختنِ AP بیرونیِ دوبانده. ستون‌های رادیو ربطی ندارد.
6a941e59c1194803791491bc,DN-0002,آنتن دیش فاز Phase-30ISO-WB-HP — ۳۰dBi دووال,antenna-dish,ANTENNA,4500-6400,31.3,DISH,67,4.8,DUAL,,,,,,,,https://fara-moj.ir/wp-content/uploads/2025/10/catalog-faramoj-phase-v-3.5.0.pdf,1405/07/10,منبع: کاتالوگ رسمیِ سازنده (فراموج/Phase) GHz Catalog V3.5.0، صفحهٔ ۱۱ از PDF (چاپی ۱۰)، ردیفِ مدلِ «PHASE-30 ISO-WB-HP». صفحهٔ محصول: https://fara-moj.ir/product/phase-30iso-wb-hp/ . Frequency Range=4.5-6.4 GHz (کاتالوگ). Polarization=Vertical and Horizontal (=DUAL). Antenna Type=Parabolic Solid Dish. بهره: سازنده ردیفِ «Antenna Gain 30dBi» (اسمی) و ردیفِ «Max/Min Gain: in 6400MHz(31.3dBi) & in 4500MHz(29.2dBi)» دارد. طبقِ قاعدهٔ «بیشینهٔ بهره در باند» gain_dbi=31.3 (در ۶۴۰۰MHz) گذاشته شد؛ بهرهٔ اسمی=30 و کمینه=29.2 در ۴۵۰۰MHz. ⚠ اگر ماشین‌حساب باید بهرهٔ اسمی/نمودار بخواند، مدیر تصمیم بگیرد (سؤال در گزارش). پهنای پرتو H/E=4.8° در 5.5GHz (کاتالوگ). قطر: صفحهٔ رسمیِ محصول در متن «قطر ۶۷ سانتی‌متر» می‌گوید و ابعادِ کاتالوگ 670×670×335mm است؛ ردیفِ «diameter» جدا در کاتالوگ نیست. سایرِ کاتالوگ: F/B ≥30dB، VSWR ≤1.4:1 (Typ)، وزن net 5.6kg، F/D=0.25، ETSI EN 302 326 DN2-DN5، کانکتور 2x RP-Female N-type، Pan/Tilt ±15°. ⚠ ناهمخوانیِ خودِ سازنده: جدولِ مشخصاتِ صفحهٔ وبِ همین محصول (fara-moj.ir) وزن 5.4kg، ابعاد 650*650*380، beamwidth 5° و ردیفِ Frequency Range ندارد (شبیهِ مدلِ PHASE-30-WB-NP کپی شده)؛ کاتالوگِ PDF با ۵٫۶kg/۶۷۰×۶۷۰×۳۳۵/۴٫۸° سازگار با سایتِ ما است و مبنا گرفته شد. اختلاف با سایت: (۱) سایت «پهنای باریکه ۴٫۸°» = با کاتالوگ یکی است؛ جدولِ وبِ سازنده ۵° می‌گوید. (۲) سایت «نسبت جلو به عقب: تا ۳۰ دسی‌بل» ولی منبع «≥30dB» (یعنی حداقل ۳۰، نه سقفِ ۳۰). (۳) توضیحاتِ سایت می‌گوید «ISO یعنی ایزولاسیونِ بالا/جداسازیِ بینِ دو پلاریزاسیون برای MIMO» ولی سازنده ISO-HP را بهینه‌سازیِ عمقِ رفلکتور و فیدر برای تمرکزِ بیشترِ انرژی روی main lobe و کاهشِ نویز/side lobe معرفی می‌کند، نه ایزولاسیونِ پورت‌به‌پورت (عددِ port isolation در منبع نیست). (۴) سایت «بهره ۳۰ دسی‌بل» (اسمی) در حالی که بیشینهٔ سازنده 31.3 است؛ باند و قطر و وزن و ابعاد با کاتالوگ یکی است. ستون‌های رادیو (tx/sens/compat) ربطی ندارد.
6a941e59c1194803791491bb,DN-0003,آنتن دیش فاز Phase-34-WB-NP — ۳۴dBi دوقطبی سوراخ دار,antenna-dish,ANTENNA,4500-6400,35.3,DISH,105,3.1,DUAL,,,,,,,,https://fara-moj.ir/wp-content/uploads/2025/10/catalog-faramoj-phase-v-3.5.0.pdf,1405/07/10,منبع: کاتالوگ رسمیِ سازنده (فراموج/Phase) GHz Catalog V3.5.0، صفحهٔ ۱۴ از PDF (چاپی ۱۳)، ردیفِ «PHASE-34-WB-NP»؛ صفحهٔ محصولِ سازنده با همان اعداد: https://fara-moj.ir/product/phase-34-wb-np/ . Frequency Range=4.5-6.4 GHz. Polarization=Vertical and Horizontal (=DUAL). بهره: ردیفِ «Antenna Gain 34dBi» (اسمی) و «Max/Min Gain: in 6400MHz(35.3dBi) & in 4500MHz(31.8dBi)». طبقِ قاعدهٔ «بیشینهٔ بهره در باند» gain_dbi=35.3؛ بهرهٔ اسمی=34 و کمینه=31.8 در 4500MHz (⚠ همان سؤالِ بهرهٔ اسمی/بیشینه). پهنای پرتو H/E=3.1° در 5.5GHz. قطر: صفحهٔ رسمی «رفلکتور ۱۰۵ سانتی‌متر» و ابعادِ کاتالوگ 1050×1050×525mm. F/B ≥42dB، VSWR ≤1.4:1 (Typ)، وزن net 10.5kg، F/D=0.36، ETSI EN 302 326 DN2-DN5، کانکتور 2x RP-Female N-type، Pan/Tilt ±15°، باد 200/250km/h، دما -40 تا +80°C. نوعِ آنتن: ردیفِ کاتالوگ «Parabolic Solid Dish Antenna» است ولی عکس‌ها و متنِ صفحهٔ سازنده (Semi Punched Dish / نیمه‌بشقابیِ مشبک) رفلکتورِ سوراخ‌دار را نشان می‌دهد؛ DISH ثبت شد. اختلاف با سایت: (۱) سایت «نسبت جلو به عقب: تا ۴۲ دسی‌بل» ولی منبع «≥42dB» (حداقل ۴۲، نه سقف). (۲) سایت «بهره ۳۴ دسی‌بل (۳۱٫۸ تا ۳۵٫۳)» = با منبع یکی است (اسمی ۳۴؛ بیشینه ۳۵٫۳ ثبت شد). باند، پهنای باریکه ۳٫۱°، قطر ۱۰۵، وزن ۱۰٫۵، ابعاد، باد، دما، VSWR با منبع یکی است. ستون‌های رادیو ربطی ندارد.
6a9473cf185a9b9e630da59d,DN-0004,آنتن دیش وایمکس‌نیر WimaxNear SP62-30 XD—۳۰dBi مختص Mimosa C5X,antenna-dish,ANTENNA,,,,,,,,,,,,,,,1405/07/10,منبعِ رسمیِ سازنده پیدا نشد؛ فقط صفحهٔ فروشگاهیِ https://irmikro.com/product/wimaxnear-mimosa-30x/ (wimaxnear.com به irmikro.com ریدایرکت می‌شود، ولی آن فروشگاه/بازرگانی است و طبقِ قاعدهٔ تسک منبع نیست). مرجعِ نامعتبر، فقط برای بازبینیِ مدیر: bands_mhz=4700-6400، gain_dbi=30، antenna_type=DISH، polarization=DUAL || یادداشتِ تحقیق: منبع: صفحهٔ محصول در سایتِ برند (wimaxnear.com با ۳۰۱ به irmikro.com می‌رود؛ همان وردپرس و همان IP) — جدولِ مشخصاتِ همان صفحه. نامِ مدل در منبع «WimaxNear Mimosa-30x / for Mimosa X series» است، نه «SP62-30 XD»؛ تطبیق از روی نامِ فروشگاهِ ما (۳۰ dBi، مخصوصِ Mimosa سری X) است نه تأییدِ صریحِ سازنده. باند (۴۷۰۰ تا ۶۴۰۰ مگاهرتز) و بهرهٔ ۳۰ dBi در متنِ صفحه و جدول هم‌خوان‌اند. پهنای پرتو و قطر خالی: جدولِ این صفحه عیناً جدولِ SP62-30D است (حتی Product code=SP62-30D؛ 4.1°، 800mm، 6.5Kg) و برایِ این مدل معتبر شمرده نشد. اختلاف با سایت: پهنای پرتوِ سایت ۶° (در منبع برایِ این مدل عددِ معتبری نیست).
6a5cbd4e89e6bfd0ee962730,DN-0005,آنتن دیش وایمکس‌نیر WimaxNear SP62-28D — ۲۸dBi dual Hband  ,antenna-dish,ANTENNA,,,,,,,,,,,,,,,1405/07/10,منبعِ رسمیِ سازنده پیدا نشد؛ فقط صفحهٔ فروشگاهیِ https://irmikro.com/product/wimaxnear-sp62-28d/ (wimaxnear.com به irmikro.com ریدایرکت می‌شود، ولی آن فروشگاه/بازرگانی است و طبقِ قاعدهٔ تسک منبع نیست). مرجعِ نامعتبر، فقط برای بازبینیِ مدیر: bands_mhz=4700-6400، gain_dbi=28، antenna_type=DISH، diameter_cm=55، beamwidth_deg=9، polarization=DUAL || یادداشتِ تحقیق: منبع: صفحهٔ محصول در سایتِ برند (wimaxnear.com با ۳۰۱ به irmikro.com می‌رود؛ همان وردپرس و همان IP) — جدولِ مشخصاتِ همان صفحه. جدول: Frequency Range 4700-6400MHz، Gain 28dBi، 3dB BeamWidth 9°، SizeDiameter 550mm، وزن 4Kg، VSWR 1.7:1(typ). منبع فقط «3dB BeamWidth» نوشته و افقی/عمودی را مشخص نکرده. قطر در منبع به mm است (SizeDiameter) و اینجا به cm تبدیل شد. اختلاف با سایت: باند: سایت ۴۷۰۰ تا ۶۵۰۰، منبع ۴۷۰۰ تا ۶۴۰۰؛ پهنای پرتو: سایت ۷°، منبع ۹°؛ VSWR: سایت 1.4:1، منبع 1.7:1(typ).
6a9473cf185a9b9e630da59f,DN-0006,آنتن دیش وایمکس‌نیر دوال WimaxNear SP62-33D Low band ۳۳dBi,antenna-dish,ANTENNA,,,,,,,,,,,,,,,1405/07/10,منبعِ رسمیِ سازنده پیدا نشد؛ فقط صفحهٔ فروشگاهیِ https://irmikro.com/product/wimaxnear-sp62-33d-l-band/ (wimaxnear.com به irmikro.com ریدایرکت می‌شود، ولی آن فروشگاه/بازرگانی است و طبقِ قاعدهٔ تسک منبع نیست). مرجعِ نامعتبر، فقط برای بازبینیِ مدیر: bands_mhz=4800-6100، gain_dbi=33، antenna_type=DISH، diameter_cm=87، beamwidth_deg=4.1، polarization=DUAL || یادداشتِ تحقیق: منبع: صفحهٔ محصول در سایتِ برند (wimaxnear.com با ۳۰۱ به irmikro.com می‌رود؛ همان وردپرس و همان IP) — جدولِ مشخصاتِ همان صفحه. نسخهٔ (L Band). جدول: Frequency Range 4800-6100MHz، Gain 33dBi، 3dB BeamWidth 4.1°، SizeDiameter 870mm، وزن 8.5Kg، VSWR 1.7:1(typ). منبع فقط «3dB BeamWidth» نوشته و افقی/عمودی را مشخص نکرده. قطر در منبع به mm است (SizeDiameter) و اینجا به cm تبدیل شد. باند، بهره، پهنای پرتو و قطرِ سایت با منبع می‌خوانند. اختلاف با سایت: فقط VSWR: سایت 1.4:1، منبع 1.7:1(typ).
6a5cbd5189e6bfd0ee962732,DN-0007,آنتن دیش وایمکس نیر دوال SP62-35D - ۳۵dBi Wimaxnear  ,antenna-dish,ANTENNA,,,,,,,,,,,,,,,1405/07/10,منبعِ رسمیِ سازنده پیدا نشد: در فهرستِ ۱۲ محصولِ برندِ WimaxNear (irmikro.com/brand/wimaxnear/) مدلِ «SP62-35D» (غیر HP) نیست؛ فقط «SP62-35D-HP» هست (https://irmikro.com/product/wimaxnear-sp62-35d-hp/) که مدلِ دیگری است و عددی از آن وارد نشد. برایِ مرجعِ مدیر (وارد نشده): صفحهٔ HP می‌گوید 4700-6400MHz، 35dBi، 3dB BeamWidth 3°، 1060mm، 14.5Kg، Input Power 25W، N-Female. عددهایِ سایت (باند ۴۸۰۰–۶۴۰۰، ۳٫۵°، کانکتور N-Female در مشخصات ولی SMA در توضیحات) بی‌منبع‌اند و تناقضِ کانکتورِ داخلِ خودِ سایت دارند.
6a5cbd6489e6bfd0ee962744,DN-0008,آنتن دیش وایمکس‌نیر WimaxNear SP62-27D dual Hband ۲۷Dbi,antenna-dish,ANTENNA,,,,,,,,,,,,,,,1405/07/10,منبعِ رسمیِ سازنده پیدا نشد؛ فقط صفحهٔ فروشگاهیِ https://irmikro.com/product/wimaxnear-sp62-27d/ (wimaxnear.com به irmikro.com ریدایرکت می‌شود، ولی آن فروشگاه/بازرگانی است و طبقِ قاعدهٔ تسک منبع نیست). مرجعِ نامعتبر، فقط برای بازبینیِ مدیر: bands_mhz=4700-6400، gain_dbi=27، antenna_type=DISH، diameter_cm=45، beamwidth_deg=8، polarization=DUAL || یادداشتِ تحقیق: منبع: صفحهٔ محصول در سایتِ برند (wimaxnear.com با ۳۰۱ به irmikro.com می‌رود؛ همان وردپرس و همان IP) — جدولِ مشخصاتِ همان صفحه. جدول: Frequency Range 4700-6400MHz، Gain 27dBi، 3dB BeamWidth 8°، SizeDiameter 450mm، وزن 3Kg، VSWR 1.7:1(typ)، Front-to-Back 36dB، Cross Polarization 28dB. منبع فقط «3dB BeamWidth» نوشته و افقی/عمودی را مشخص نکرده. قطر در منبع به mm است (SizeDiameter) و اینجا به cm تبدیل شد. اختلاف با سایت: باند: سایت ۴۷۰۰ تا ۶۵۰۰، منبع ۴۷۰۰ تا ۶۴۰۰؛ بهره: سایت «۲۵٫۲ تا ۲۷٫۷ dBi (در سراسرِ باند)»، منبع یک عددِ ۲۷dBi و جدولِ بهره‌بر‌حسبِ‌فرکانس در منبع نیست؛ VSWR: سایت 1.6:1، منبع 1.7:1(typ). نسبتِ جلو به عقب و جدایشِ پلاریته با سایت می‌خوانند (۳۶ و ۲۸ dB).
6a5cbd6389e6bfd0ee962743,DN-0009,آنتن دیش وایمکس‌نیر WimaxNear SP62-30D Hband Dual pol 30Dbi,antenna-dish,ANTENNA,,,,,,,,,,,,,,,1405/07/10,منبعِ رسمیِ سازنده پیدا نشد؛ فقط صفحهٔ فروشگاهیِ https://irmikro.com/product/wimaxnear-sp62-30d/ (wimaxnear.com به irmikro.com ریدایرکت می‌شود، ولی آن فروشگاه/بازرگانی است و طبقِ قاعدهٔ تسک منبع نیست). مرجعِ نامعتبر، فقط برای بازبینیِ مدیر: bands_mhz=4700-6400، gain_dbi=30، antenna_type=DISH، diameter_cm=80، beamwidth_deg=4.1، polarization=DUAL || یادداشتِ تحقیق: منبع: صفحهٔ محصول در سایتِ برند (wimaxnear.com با ۳۰۱ به irmikro.com می‌رود؛ همان وردپرس و همان IP) — جدولِ مشخصاتِ همان صفحه. صفحه با برچسبِ (H Band). جدول: Frequency Range 4700-6400MHz، Gain 30dBi، 3dB BeamWidth 4.1°، SizeDiameter 800mm، وزن 6.5Kg، VSWR 1.7:1(typ). منبع فقط «3dB BeamWidth» نوشته و افقی/عمودی را مشخص نکرده. قطر در منبع به mm است (SizeDiameter) و اینجا به cm تبدیل شد. هشدار: همین ۴٫۱° در صفحه‌هایِ 30D و 32D و 33D و 34D تکرار شده (احتمالِ کپیِ جدول در سایتِ سازنده)؛ همان‌طور که منبع نوشته آمد. اختلاف با سایت: باند: سایت ۴۷۰۰ تا ۶۵۰۰، منبع ۴۷۰۰ تا ۶۴۰۰؛ پهنای پرتو: سایت ۶°، منبع ۴٫۱°؛ VSWR: سایت 1.5:1، منبع 1.7:1(typ).
6a9473cf185a9b9e630da59c,DN-0010,آنتن دیش وایمکس‌نیر ۳۰دی بی دوال  WimaxNear Sp62-30D -Low band,antenna-dish,ANTENNA,,,,,,,,,,,,,,,1405/07/10,منبعِ رسمیِ سازنده پیدا نشد؛ فقط صفحهٔ فروشگاهیِ https://irmikro.com/product/wimaxnear-sp62-30d-l-band/ (wimaxnear.com به irmikro.com ریدایرکت می‌شود، ولی آن فروشگاه/بازرگانی است و طبقِ قاعدهٔ تسک منبع نیست). مرجعِ نامعتبر، فقط برای بازبینیِ مدیر: bands_mhz=4800-6100، gain_dbi=30، antenna_type=DISH، diameter_cm=80، beamwidth_deg=4.1، polarization=DUAL || یادداشتِ تحقیق: منبع: صفحهٔ محصول در سایتِ برند (wimaxnear.com با ۳۰۱ به irmikro.com می‌رود؛ همان وردپرس و همان IP) — جدولِ مشخصاتِ همان صفحه. نسخهٔ (L Band). متنِ صفحه: «4800 تا 6100 مگاهرتز»؛ جدول: «4800-6100GHz» (واحدِ GHz غلطِ تایپی است، مگاهرتز آمد). Gain 30dBi، 3dB BeamWidth 4.1°، SizeDiameter 800mm، وزن 6.5Kg، VSWR 1.7:1(typ). منبع فقط «3dB BeamWidth» نوشته و افقی/عمودی را مشخص نکرده. قطر در منبع به mm است (SizeDiameter) و اینجا به cm تبدیل شد. هشدار: ۴٫۱° در چند صفحهٔ دیگرِ سری هم تکرار شده. اختلاف با سایت: باند: سایت ۴۸۰۰ تا ۶۲۰۰، منبع ۴۸۰۰ تا ۶۱۰۰؛ بهره: سایت «۳۰ - ۳۱ دسی‌بل»، منبع ۳۰dBi؛ پهنای پرتو: سایت ۶°، منبع ۴٫۱°؛ VSWR: سایت 1.4:1، منبع 1.7:1(typ).
6a5cbd5289e6bfd0ee962733,DN-0011,آنتن دیش ۳۲دی بی دوال  WimaxNear Sp62-32D H-band,antenna-dish,ANTENNA,,,,,,,,,,,,,,,1405/07/10,منبعِ رسمیِ سازنده پیدا نشد؛ فقط صفحهٔ فروشگاهیِ https://irmikro.com/product/wimaxnear-sp62-32d/ (wimaxnear.com به irmikro.com ریدایرکت می‌شود، ولی آن فروشگاه/بازرگانی است و طبقِ قاعدهٔ تسک منبع نیست). مرجعِ نامعتبر، فقط برای بازبینیِ مدیر: bands_mhz=4700-6400، gain_dbi=32، antenna_type=DISH، diameter_cm=82، beamwidth_deg=4.1، polarization=DUAL || یادداشتِ تحقیق: منبع: صفحهٔ محصول در سایتِ برند (wimaxnear.com با ۳۰۱ به irmikro.com می‌رود؛ همان وردپرس و همان IP) — جدولِ مشخصاتِ همان صفحه. صفحه با برچسبِ (h Band). جدول: Frequency Range 4700-6400MHz، Gain 32dBi، 3dB BeamWidth 4.1°، SizeDiameter 820mm، وزن 8.5Kg، VSWR 1.7:1(typ). منبع فقط «3dB BeamWidth» نوشته و افقی/عمودی را مشخص نکرده. قطر در منبع به mm است (SizeDiameter) و اینجا به cm تبدیل شد. نسبتِ جلو به عقب و جدایشِ پلاریته: در منبع نیست. اختلاف با سایت: باند: سایت ۴۷۰۰ تا ۶۵۰۰، منبع ۴۷۰۰ تا ۶۴۰۰؛ بهره: سایت «۳۰٫۲ تا ۳۲٫۲ dBi (در سراسرِ باند)»، منبع یک عددِ ۳۲dBi (جدولِ بهره‌برحسبِ‌فرکانس در منبع نیست)؛ قطر: سایت ۸۰ cm، منبع ۸۲ cm؛ وزن: سایت ۶٫۵kg، منبع ۸٫۵Kg؛ VSWR: سایت 1.5:1، منبع 1.7:1(typ).
6a9473cf185a9b9e630da59e,DN-0012,آنتن دیش وایمکس‌نیر هایپرفورمنس  ۳۲dBi دوقطبی WimaxNear SP62-32D-HP رادوم‌دار,antenna-dish,ANTENNA,,,,,,,,,,,,,,,1405/07/10,منبعِ رسمیِ سازنده پیدا نشد؛ فقط صفحهٔ فروشگاهیِ https://irmikro.com/product/wimaxnear-sp62-30d-hp/ (wimaxnear.com به irmikro.com ریدایرکت می‌شود، ولی آن فروشگاه/بازرگانی است و طبقِ قاعدهٔ تسک منبع نیست). مرجعِ نامعتبر، فقط برای بازبینیِ مدیر: bands_mhz=4700-6400، gain_dbi=32، antenna_type=DISH، polarization=DUAL || یادداشتِ تحقیق: منبع: صفحهٔ محصول در سایتِ برند (wimaxnear.com با ۳۰۱ به irmikro.com می‌رود؛ همان وردپرس و همان IP) — جدولِ مشخصاتِ همان صفحه. تناقضِ داخلِ منبع (نیازمندِ بازبینیِ مدیر): عنوانِ صفحه SP62-32D-HP و متنِ صفحه «32 dbi / 32 دی بی / 4700 تا 6400 مگاهرتز / High Performance» است، ولی جدولِ مشخصاتِ همان صفحه عیناً جدولِ SP62-30D است (Product code=SP62-30D، Gain 30dBi، 4.1°، 800mm، 6.5Kg) و نشانیِ صفحه هم «…-30d-hp» است. بهرهٔ ۳۲ آمد چون با نامِ مدل و متنِ صفحه می‌خواند؛ عددِ ۳۰dBi جدول کپیِ اشتباه به نظر می‌رسد ولی سازنده تأیید نکرده. پهنای پرتو و قطر خالی گذاشته شد (فقط در همان جدولِ کپی‌شده‌اند). باند ۴۷۰۰-۶۴۰۰ در متن و جدول هم‌خوان است. رادوم: در منبع نیست (صفحه فقط «High Performance» می‌گوید). اختلاف با سایت: بهره: سایت «۳۰٫۲ تا ۳۲٫۲ dBi»، منبع ۳۲ (متن) / ۳۰ (جدولِ کپی‌شده)؛ قطر ۸۰ cm و وزن ۶٫۵kg و رادومِ سایت در منبع نیست؛ سایت 4.1° و VSWR 1.5:1 دارد.
6a5cbd6289e6bfd0ee962742,DN-0013,آنتن دیش وایمکس‌نیر ۳۳dBi دوال  WimaxNear SP62-33D Hband,antenna-dish,ANTENNA,,,,,,,,,,,,,,,1405/07/10,منبعِ رسمیِ سازنده پیدا نشد؛ فقط صفحهٔ فروشگاهیِ https://irmikro.com/product/wimaxnear-sp62-33d/ (wimaxnear.com به irmikro.com ریدایرکت می‌شود، ولی آن فروشگاه/بازرگانی است و طبقِ قاعدهٔ تسک منبع نیست). مرجعِ نامعتبر، فقط برای بازبینیِ مدیر: bands_mhz=4700-6400، gain_dbi=33، antenna_type=DISH، diameter_cm=87، beamwidth_deg=4.1، polarization=DUAL || یادداشتِ تحقیق: منبع: صفحهٔ محصول در سایتِ برند (wimaxnear.com با ۳۰۱ به irmikro.com می‌رود؛ همان وردپرس و همان IP) — جدولِ مشخصاتِ همان صفحه. صفحه با برچسبِ (H Band). جدول: Frequency Range 4700-6400MHz، Gain 33dBi، 3dB BeamWidth 4.1°، SizeDiameter 870mm، وزن 8.5Kg، VSWR 1.7:1(typ). منبع فقط «3dB BeamWidth» نوشته و افقی/عمودی را مشخص نکرده. قطر در منبع به mm است (SizeDiameter) و اینجا به cm تبدیل شد. اختلاف با سایت: باند: سایت ۴۷۰۰ تا ۶۵۰۰، منبع ۴۷۰۰ تا ۶۴۰۰؛ پهنای پرتو: سایت ۴°، منبع ۴٫۱°؛ قطر: سایت «حدود ۹۰ سانت»، منبع ۸۷ cm؛ VSWR: سایت 1.4:1، منبع 1.7:1(typ).
6a941e58c1194803791491b8,DN-0015,آنتن دیش وایمکس نیر 29dbi مدل WimaxNear sp62-29D Hband ,antenna-dish,ANTENNA,,,,,,,,,,,,,,,1405/07/10,منبعِ رسمیِ سازنده پیدا نشد: مدلِ «SP62-29D» در فهرستِ ۱۲ محصولِ برندِ WimaxNear (irmikro.com/brand/wimaxnear/) نیست؛ نزدیک‌ترین‌ها 28D و 30D‌اند و عددی از آن‌ها وارد نشد. عددهایِ سایت (۲۹٫۶ dBi، ۴٫۷ تا ۶٫۵ GHz، ۵٫۲°، ۶۶ cm، ۴٫۲ kg، XPD ۳۰، جلو به عقب ۴۰) بی‌منبع‌اند.
6a941e59c1194803791491ba,DN-0016,آنتن دیش وایمکس نیر  WimaxNear SP62-34D Hband dual34dbi,antenna-dish,ANTENNA,,,,,,,,,,,,,,,1405/07/10,منبعِ رسمیِ سازنده پیدا نشد؛ فقط صفحهٔ فروشگاهیِ https://irmikro.com/product/wimaxnear-sp62-34d/ (wimaxnear.com به irmikro.com ریدایرکت می‌شود، ولی آن فروشگاه/بازرگانی است و طبقِ قاعدهٔ تسک منبع نیست). مرجعِ نامعتبر، فقط برای بازبینیِ مدیر: bands_mhz=4700-6400، gain_dbi=34، antenna_type=DISH، diameter_cm=92، beamwidth_deg=4.1، polarization=DUAL || یادداشتِ تحقیق: منبع: صفحهٔ محصول در سایتِ برند (wimaxnear.com با ۳۰۱ به irmikro.com می‌رود؛ همان وردپرس و همان IP) — جدولِ مشخصاتِ همان صفحه. صفحهٔ منبع برچسبِ H/L ندارد؛ باندش ۴۷۰۰-۶۴۰۰ است (هم‌بازهٔ مدل‌هایِ H Band). جدول: Frequency Range 4700-6400MHz، Gain 34dBi، 3dB BeamWidth 4.1°، SizeDiameter 920mm، وزن 10.5Kg، VSWR 1.4:1(typ)، Mounting Kit Included/Pole mount. منبع فقط «3dB BeamWidth» نوشته و افقی/عمودی را مشخص نکرده. قطر در منبع به mm است (SizeDiameter) و اینجا به cm تبدیل شد. XPD، جلو به عقب و ایزولاسیونِ پورت: در منبع نیست. اختلاف با سایت: باند: سایت ۴٫۷ تا ۶٫۵ GHz، منبع ۴۷۰۰ تا ۶۴۰۰ MHz؛ پهنای پرتو: سایت ۳٫۰°، منبع ۴٫۱°؛ قطر: سایت ۱۱۰ cm، منبع ۹۲ cm؛ وزن: سایت ۲۱kg، منبع ۱۰٫۵Kg؛ سایت XPD ۳۱، جلو به عقب ۴۷، ایزولاسیون ۴۰ dB دارد که در منبع نیست (۳° و XPD ۳۱ به صفحهٔ SP62-35D-HP نزدیک است؛ احتمالِ آمیختگی).
6a5cbda989e6bfd0ee962785,DN-0017,آنتن دیش کنبوتونگ TDJ-5158P9Ax — ۳۲dBi دووال ۵ گیگاهرتز,antenna-dish,ANTENNA,5150-5850,32,DISH,90,3.5,DUAL,,,,,,,,https://www.kenbotong.com/product-vhpol-51-58ghz-30-34dbi-dish-antennas-series.html,1405/07/10,منبع: سایتِ رسمیِ سازنده (Kenbotong)، صفحهٔ «VHPol 5.1-5.8GHz 30-34dBi Dish Antennas Series»، جدولِ مشخصات، ستونِ مدلِ «TDJ-5158P9A×2»: Freq 5150~5850 MHz (BW 700)، Gain 32 dBi، Ver./Hor. Beamwidth 3.5°/3.5°، F/B ≥40 dB، Isolation ≥28 dB، VSWR ≤1.5، 50Ω، Max power 100W، Connector N Female/N Female، Polarization Vertical and Horizontal (=DUAL)، Caliber φ0.9 m (=90cm)، Weight 10.5 kg، Pole φ50~75 mm. بهره یک عددِ ثابتِ 32 است (سازنده بازهٔ min/max نداده). نسخهٔ رادوم‌دارِ همین مدل (TDJ-5158P9A×2-Z) در صفحهٔ https://www.kenbotong.com/product-vhpol-51-58ghz-28-32dbi-dish-antenna-with-radome.html با همان اعدادِ الکتریکی آمده. نکتهٔ نام‌گذاری: اسمِ محصولِ ما «TDJ-5158P9Ax» است ولی مدلِ ثبت‌شده در جدولِ مشخصاتِ سایت «TDJ-5158P9Ax2» و در سازنده «TDJ-5158P9A×2» (دووال). مدلِ بدونِ ×2 یعنی «TDJ-5158P9A» (تک‌پلاریته: Vertical or Horizontal، یک کانکتور N)؛ چون در فروشگاه «دووال/دو کانکتور N» نوشته شده، ردیفِ ×2 مبنا گرفته شد؛ مدیر مطمئن شود کالایِ فیزیکی ×2 است. اختلاف با سایت: ندارد — باند ۵۱۵۰ تا ۵۸۵۰، بهره ۳۲، پهنای باریکه ۳٫۵° (افقی و عمودی)، F/B >۴۰، ایزولاسیون >۲۸، VSWR <۱٫۵، قطر ۰٫۹ متر، وزن ۱۰٫۵، ۲×N مادگی، توان ۱۰۰W همگی با منبع یکی است. فایلِ دیتاشیتِ zip سازنده (img.waimaoniu.net/1693/TDJ-5158PX×2 Series.zip) از این دستگاه قابلِ‌دانلود نبود؛ اعداد از جدولِ صفحهٔ رسمی گرفته شد. ستون‌های رادیو ربطی ندارد.
6a5cbd6c89e6bfd0ee96274c,DN-0072,آنتن دیش میکروتیک mANT 30dBi — پارابولیک ۵ گیگاهرتز,wireless-outdoor-mikrotik,ANTENNA,4700-5875,30,DISH,70,±2.5,DUAL,,,,,,,,https://mikrotik.com/product/MTAD-5G-30D3,1405/07/10,تمامِ اعداد (بهره ۳۰dBi، بیمِ ±۲.۵ درجه، نسبتِ جلو/عقب >۳۰dB، تنظیمِ ارتفاع ±۲۰ درجه، قطر×عمق ۷۰×۴۵cm، فرکانس ۴.۷-۵.۸۷۵GHz) با متنِ فعلیِ سایت می‌خواند؛ اختلافی نیست. Polarization سازنده: DUAL.
6a5cbd6d89e6bfd0ee96274d,DN-0073,آنتن دیش میکروتیک mANT30 PA,wireless-outdoor-mikrotik,ANTENNA,4700-5875,30,DISH,70,±2.5,DUAL,,,,,,,,https://mikrotik.com/product/MTAD-5G-30D3-PA,1405/07/10,تمامِ اعداد (بهره ۳۰dBi، بیمِ ±۲.۵ درجه -- عددِ سازنده نیم‌زاویه است نه بیمِ کامل، نسبتِ جلو/عقب >۳۰dB، تنظیمِ ارتفاع ±۱۵ درجه، قطر×عمق ۷۰×۴۵cm، فرکانس ۴.۷-۵.۸۷۵GHz) با متنِ فعلیِ سایت می‌خواند؛ اختلافی نیست. Polarization سازنده: 'Vertical and Horizontal' -> DUAL. عمقِ آنتن ۴۵cm در diameter_cm نیامده (فیلد فقط قطر می‌خواهد).
6a5cbe6989e6bfd0ee962839,DN-0026,اکسس پوینت EnGenius ENH1350EXT,access-point,RADIO,2412-2482;5150-5250;5250-5350;5470-5725;5725-5850,,,,,,23,هر باند (۲٫۴ و ۵GHz) جدا؛ بدونِ ذکرِ نرخ/مدولاسیون (در EnGenius Station Series Datasheet با عنوانِ Aggregated),,در منبع نیست,,در منبع نیست,ENGENIUS_WIFI_11AC,https://www.engeniustech.com/engenius-products/enturbo-ac1300-wave-2-outdoor-wireless-access-point/,1405/07/10,"کانکتوردار: ۴× آنتنِ اومنیِ ۵dBi جداشدنیِ SMA (۲ آنتن برایِ هر باند) همراهِ دستگاه -> kind=RADIO، فیلدهایِ آنتن خالی. دوباندِ هم‌زمان؛ ۲×۲:۲ MU-MIMO؛ 802.11b/g/n در ۲٫۴ و 802.11a/n/ac در ۵GHz؛ کانالِ ac: 20/40/80MHz. باندِ ۲٫۴GHz: صفحهٔ محصول و دیتاشیتِ PDF «2400~2835MHz» چاپ کرده که آشکارا غلطِ تایپی است؛ EnGenius Station Series Datasheet (۲۰۲۴) «2412-2482MHz» می‌گوید و همان آمد. زیرباندهایِ ۵GHz عیناً از صفحه/دیتاشیت (Station DS برایِ مدل‌هایِ منطقه‌ای ستاره دارد: «Models vary by region»). Tx: 23dBm در هر باند (صفحه، دیتاشیتِ PDF، Station DS). صفحه‌هایِ EU/APAC/JP برایِ همین مدل 15dBm نوشته‌اند (سقفِ مقرراتیِ منطقه)؛ عددِ صفحهٔ جهانی آمد. حساسیتِ گیرنده و جدولِ نرخ-توان: در منبع نیست (صفحه، دیتاشیتِ PDF، دفترچهٔ ENH1350EXT_Manul_180620.pdf و Station DS چک شد) -> فایلِ نرخ‌ها ردیفی ندارد. نرخ‌هایِ پشتیبانی‌شده فقط به‌صورتِ فهرستِ نرخ (بدونِ حساسیت) در منبع هست: ac تا MCS9 (۶٫۵ تا 867Mbps)، n تا MCS15 (تا 400Mbps در ۲٫۴GHz با 256QAM). اختلاف با سایت: (۱) سایت «5GHz تا 866Mbps» -> منبع 867Mbps. (۲) تغذیه: سایت «24V passive PoE»؛ منبع خودش ناهمسان است -> صفحهٔ محصول «Proprietary 24V PoE»، دیتاشیتِ PDF «Proprietary 48V PoE»، Station DS «802.3af/at, Proprietary 54V»، و صفحه آداپتورِ «54V/0.6A» را در بسته نوشته. (۳) ابعاد/وزن: سایت «222×112×54mm، ~620g» -> منبع 173.6×111.2×30.29mm (صفحه/دیتاشیت)، وزنِ دستگاه 295g (دیتاشیتِ PDF) و در Station DS «829.5g» (احتمالاً همراهِ بسته‌بندی). باند، توانِ 23dBm، آنتن 5dBi، IP67 و -20..+60°C با سایت می‌خواند. مستندات: دیتاشیت https://www.engeniustech.com/wp-content/uploads/2018/05/ENH1350EXT_Datasheet.pdf ؛ Station DS https://www.engeniustech.com/wp-content/uploads/2024/01/EnGenius-Station-Series-Datasheet.pdf ؛ دفترچه https://www.engeniustech.com/wp-content/uploads/2019/06/ENH1350EXT_Manul_180620.pdf"
6a5cbe6789e6bfd0ee962838,DN-0027,اکسس پوینت EnGenius ENS620EXT,access-point,RADIO,2400-2483.5;5150-5250;5250-5350;5470-5725;5725-5850,,,,,,27,هر باند (۲٫۴ و ۵GHz) جدا؛ بدونِ ذکرِ نرخ/مدولاسیون (در Station Series Datasheet با عنوانِ Aggregated)؛ سقفِ نهایی به مقرراتِ کشور وابسته است,,در منبع نیست,,در منبع نیست,ENGENIUS_WIFI_11AC,https://www.engeniustech.com/wp-content/uploads/2017/07/ENS620EXT-DS.pdf,1405/07/10,کانکتوردار: ۴× کانکتورِ SMA با ۴ آنتنِ اومنیِ ۵dBi جداشدنی (۲ به ازایِ هر باند) همراهِ دستگاه -> kind=RADIO، فیلدهایِ آنتن خالی. ۲×۲:۲ در هر باند، MU-MIMO، کانالِ ac: 20/40/80MHz. باندِ ۲٫۴GHz: صفحه و دیتاشیتِ PDF «2400~2835MHz» (غلطِ تایپیِ آشکار)؛ Station Series Datasheet «2400-2483.5MHz» و همان آمد. زیرباندهایِ ۵GHz عیناً از دیتاشیت. Tx: 27dBm در هر باند طبقِ دیتاشیتِ PDF (نسخهٔ 1.00 ۲۰۱۹/۰۴/۲۲) و Station Series Datasheet؛ **تعارضِ مستنداتِ خودِ سازنده**: صفحهٔ جهانیِ محصول «Up to 26 dBi» (یکایِ غلط، عدد 26)، دفترچهٔ قدیمی (۲۰۱۶) «Up to 26 dBm»، صفحهٔ EU «27 dBi»، و صفحهٔ آسیا-اقیانوسیه در جدولِ مشخصات «15 dBm» ولی در جدولِ مقایسهٔ همان صفحه «27 dBm». دو دیتاشیتِ PDF همین 27 را می‌گویند و آمد؛ مدیر اگر خواست محافظه‌کارانه‌تر (26) بنویسد. حساسیتِ گیرنده و جدولِ نرخ-توان: در منبع نیست (صفحه، دیتاشیتِ PDF، دفترچه‌هایِ ۲۰۱۶/۲۰۱۷ و Station DS چک شد) -> فایلِ نرخ‌ها ردیفی ندارد. سازنده در صفحه «Discontinued Product» نوشته و جانشین را ECW260 اعلام کرده. اختلاف با سایت: (۱) سایت «2× گیگابیت (PoE IN + PoE OUT)» -> منبع دو پورتِ گیگابیت (LAN1 ورودیِ PoE اختصاصیِ 24V، LAN2 گیگابیت) می‌گوید و «PoE OUT/pass-through» را ننوشته. (۲) سایت دما «-30 تا +70°C» -> منبع «-20 تا +60°C» (صفحه، دیتاشیتِ PDF، Station DS). توانِ 27dBm، آنتن 5dBi، IP55، سرعت‌ها (400+867) و MIMO 2×2 با سایت می‌خواند. مستندات: صفحهٔ محصول https://www.engeniustech.com/engenius-products/ens620ext-outdoor-wireless-access-point/ ؛ Station DS https://www.engeniustech.com/wp-content/uploads/2024/01/EnGenius-Station-Series-Datasheet.pdf ؛ دفترچه https://www.engeniustech.com/wp-content/uploads/2017/11/ENS620EXT_UM_V1.2_171002.pdf
6a5cbe7089e6bfd0ee962840,DN-0215,رادیو موتورولا کمبیوم نت ورکز PTP 670 Connectorized,cambium,RADIO,4900-6050,,,,,,27,Up to 27 dBm (بیشینهٔ سازنده)؛ در جدولِ باندِ 5.8GHz فقط در BPSK 0.63 single (کمترین نرخ) و همهٔ پهنای کانال‌ها؛ با بالا رفتنِ مدولاسیون تا 23dBm (256QAM) پایین می‌آید,-96.8,BPSK 0.63 single، کانال 5MHz، باندِ 5.8GHz (حالتِ IP),-60.3,256QAM 0.81 dual (بیشترین نرخ؛ 451Mbps aggregate)، کانال 45MHz، باندِ 5.8GHz (حالتِ IP),CAMBIUM_PTP670,https://brandcentral.cambiumnetworks.com/asset/2eb0a206-615f-4203-a1c0-16e5b5a01efe/Cambium_Networks_data_sheet_PTP_670.pdf,1405/07/10,کانکتوردار: دیتاشیت «Connectorized: operate with a selection of separately-purchased single and dual polarity antennas through 2 x N-type female connectors» -> آنتن جدا؛ فیلدهای آنتن خالی. باند: «Wide-band operation 4.9 to 6.05 GHz (Allowable frequencies and bands are dictated by individual country regulations)»؛ باندهای قابل‌انتخاب 4.9/5.1/5.2/5.4/5.8/5.9GHz (User Guide فصل ۱). حساسیت و توان از جدولِ «Receiver Sensitivity and Transmit Power dBm @ 5.8 GHz» دیتاشیت = User Guide Table 126 (حالتِ IP، باندِ 5725-5875MHz)؛ در باندهای دیگر حساسیت حدود 0.2 تا 1dB فرق دارد (User Guide جدول‌های 114 تا 130). برچسبِ ردیفِ ۳ در دیتاشیت «QPSK 0.87 Dual» چاپ شده که در User Guide «single» است (غلطِ تایپی دیتاشیت). جدولِ کاملِ نرخ‌ها (13 مدولاسیون × 7 پهنای کانال) در فایلِ دوم؛ rate_mbps از User Guide Table 134 (جدولِ Throughput@5km دیتاشیت با برچسبِ ردیف‌ها ناسازگار است). منبعِ ثانویه: User Guide https://brandcentral.cambiumnetworks.com/m/53b05011123b13c2/original/PTP-670-Series-User-Guide.pdf . اختلاف با سایت: باند: سایت «4.9–6 GHz»، منبع 4.9 تا 6.05GHz (4900-6050MHz)؛ مقاومت محیطی (خارج از دامنه): سایت IP55، منبع «IP66 and IP67». توان 27dBm و ظرفیتِ «تا 450Mbps» (aggregate در 45MHz) با سایت می‌خواند.
6a5cbe6d89e6bfd0ee96283d,DN-0216,رادیو وایرلس Cambium Force 4600C,cambium,RADIO,5725-7125,,,,,,28,"«+3 to +28 dBm (combined, to regional EIRP limit)»، گام 1dB؛ شرطِ MCS در منبع نیست (بیشینهٔ بازه)",-92,MCS 0 (BPSK)، کانال 20MHz، per chain,-44,MCS 13 (4096 QAM-5/6)، کانال 160MHz، per chain,CAMBIUM_EPMP_6GHZ_4600,https://brandcentral.cambiumnetworks.com/m/346e712e03fd0741/original/Cambium_Networks_data_sheet_ePMP_Force_4600_Series_SM.pdf,1405/07/10,"دیتاشیت 2026: «available in connectorized form factor with 2 x RP-SMA connectors»؛ «Antenna: External Dish, 2 x 50 ohm, RP SMA (reverse polarity); 6 GHz Dish: Part # C060900D021A» -> RADIO؛ فیلدهای آنتن خالی (بهرهٔ آن دیش در دیتاشیتِ رادیو نیست). باند «5725–7125 MHz» با پانویس «Performance of radio from 5725–5925 MHz is TBD» و AFC در FCC. حساسیت per chain؛ MCS 0 (BPSK) تا MCS 13 (4096 QAM-5/6). فقط دو سرِ جدولِ MCS در دیتاشیت هست (فایلِ دوم). اختلاف با سایت: دمای کاری: سایت «-30 تا +55°C»، دیتاشیتِ 2026 «-40°C to 55°C» (نسخهٔ 2023 دیتاشیت هنوز -30 بود)؛ باند، RP-SMA، IP67، 28W، 0.73kg، ابعاد و BPSK تا 4096QAM با سایت می‌خواند."
6a5cbd5089e6bfd0ee962731,DN-0024,اکسس پوینت آتدور اینجینیوس ENS500EXT — 5GHz N300,engenius,RADIO,5180-5240;5260-5320;5500-5700;5745-5825,,,,,,26,۵GHz، بدونِ ذکرِ نرخ/مدولاسیون؛ سازنده می‌گوید بیشینهٔ توان به مقرراتِ کشور محدود می‌شود,,در منبع نیست,,در منبع نیست,ENGENIUS_WIFI_11N,https://www.engeniustech.com/engenius-products/outdoor-wireless-ap-ens500ext/,1405/07/10,کانکتوردار: ۲× آنتنِ اومنیِ ۵dBi جداشدنی (SMA طبقِ جدولِ مقایسهٔ Electron Series Datasheet) همراهِ دستگاه است -> kind=RADIO و فیلدهایِ آنتن خالی (آنتنِ بسته‌بندی اومنی است، نه جهت‌دار). باند: چهار زیرباندِ عددی را سازنده زیرِ «Frequency Radio» داده؛ عیناً آمد. استاندارد 802.11a/n، ۲×۲:۲، کانال ۲۰/۴۰MHz برای n و ۲۰MHz برای a، نرخِ تا 300Mbps. Tx تا 26dBm (400mW): هم صفحهٔ محصول، هم Electron Series Datasheet (ردیفِ RF Power: 26dBm/400mW)، هم دیتاشیتِ ENS500EXT (400mW). صفحهٔ منطقهٔ آسیا-اقیانوسیه (apac) برایِ همین مدل «15 dBm» نوشته و صفحهٔ EU «26 dBm»؛ عددِ صفحهٔ جهانی/دیتاشیتِ PDF آمد. حساسیتِ گیرنده و جدولِ نرخ-توان: در منبع نیست (در صفحه، دیتاشیتِ ENS500EXT_Datasheet_O.pdf، دفترچه و Electron DS چک شد؛ ردیفِ Receive Sensitivity در Electron DS فقط برایِ EAP/ECB است نه ENS500EXT) -> فایلِ نرخ‌ها ردیفی ندارد. سازنده در صفحه نوشته «Discontinued» و جانشین را ENS500EXT-AC اعلام کرده. اختلافِ درونِ مستنداتِ سازنده (بی‌اثر بر سایت): دیتاشیتِ قدیمیِ PDF «IP65» و دمای -20..70°C؛ صفحهٔ محصول «IP55» و -20..60°C. اختلاف با سایت: ندارد (باند، 26dBm، 5dBi، IP55، -20..+60°C، ۱۸۶×۱۰۰×۲۹mm همه با صفحهٔ سازنده می‌خواند). مستندات: دیتاشیت https://www.engeniustech.com/wp-content/uploads/2016/12/ENS500EXT_Datasheet_O.pdf ؛ Electron DS https://www.engeniustech.com/wp-content/uploads/2016/12/03-Electron_DS_v3.pdf ؛ صفحهٔ آسیا-اقیانوسیه https://www.engeniustech.com/apac/products/wireless/outdoor-access-points/ens500ext/
6a5cbe5c89e6bfd0ee96282d,DN-0163,LigoDLB 5ac,ligowave,RADIO,5150-5850,,,,,,30,«Transmit power: Up to 30dBm (country dependent)»؛ در جدول 30dBm در نرخ‌های 240 تا 30Mbps در کانال 40MHz (در 80MHz حداکثر 29),-95,30Mbps (802.11ac)، کانال 40MHz (کمترینِ نرخِ جدول؛ در 80MHz کمترین 65Mbps با -90),-64,866Mbps (256-QAM)، کانال 80MHz,LIGOWAVE_DLB_IPOLL,https://www.ligowave.com/public/downloads/datasheets/LigoDLB%20ac/LigoDLB_5ac.pdf,1405/07/10,"کانکتوردار: دیتاشیت «Antenna Type: External N-connectors; Gain: Antenna dependent» -> RADIO؛ فیلدهای آنتن خالی. باند: دیتاشیت «5,150 – 5,850GHz (FCC 5,150 – 5,250 and 5,725 – 5,850GHz)» (واحدِ متن به‌اشتباه GHz نوشته شده؛ اعداد MHz هستند). صفحهٔ سازنده: https://www.ligowave.com/products/ligodlb-5ac . جدولِ نرخ/توان/حساسیت فقط برای کانال‌های 40 و 80MHz است (5/10/20MHz جدول ندارند). سازگاری: «LigoDLB ac series devices are backwards compatible with LigoDLB devices using iPoll mode». اختلاف با سایت: ابعاد (خارج از دامنه): سایت 140×140×56mm، منبع 150×115×55mm؛ وزن: سایت ~500g، منبع 450g؛ «IP67» در دیتاشیت نیست. باند، توان 30dBm، کانکتورِ N، استاندارد 802.11a/n/ac + iPoll با سایت می‌خواند."
6a5cbe6b89e6bfd0ee96283b,DN-0164,رادیو 5گیگاهرتز لیگوویو مدل ligoPTP 5-N RapidFire,ligowave,RADIO,4900-6100,,,,,,31,نرخ 65Mbps (کمترین نرخِ جدولِ سازنده؛ در 866Mbps فقط 25dBm),-97,65Mbps (کمترین نرخِ جدول؛ جدول عنوانِ کانال ندارد، نرخ‌ها «Data rates @ 80 MHz»),-71,866Mbps (بیشترین نرخ؛ 256-QAM، کانال 80MHz طبقِ «Data rates @ 80 MHz»),LIGOWAVE_WJET_V_5GHZ,"https://www.ligowave.com/public/downloads/datasheets/LigoPTP/RapidFire%205-N,%205-23%20Datasheet.pdf",1405/07/10,"کانکتوردار: «LigoPTP 5-N RapidFire: 2 N-type connectors» -> RADIO؛ فیلدهای آنتن خالی. (5-23 = نسخهٔ آنتن‌یکپارچهٔ 23dBi، محصولِ جدا.) باند: «Frequency range 4.900 - 6.100 GHz (FCC: 4.940 - 4.990 GHz, 5.150-5.250 GHz, 5.725-5.850 GHz)». tx_max=31: جدولِ «TX Power, dBm» از 25 تا 31 است. متنِ تبلیغاتیِ دیتاشیت «31 dBi output power» نوشته (غلطِ تایپی dBi به‌جای dBm)، ولی جدول dBm است. دیتاشیتِ قدیمیِ 2015 هم همین اعداد را دارد. پروتکل «W-Jet V» (در متنِ دیتاشیت اشاره‌ای به 802.11 نیست). جدولِ TX/Rx پهنای کانال ندارد و با ردیفِ «Data rates @ 80 MHz» یکی است؛ برای پهنای کانال‌های دیگر (5/10/20/40MHz) جدولِ نرخ در منبع نیست. اختلاف با سایت: باند: سایت «5GHz»، منبع 4900-6100MHz (در FCC محدودتر)؛ توان: سایت «تا 30dBm»، منبع تا 31dBm (در 65Mbps)؛ استاندارد: سایت «802.11a/n/ac»، منبع «W-Jet V» و OFDM؛ حداکثر نرخ: سایت «700Mbps» (اشاره به throughput)، جدولِ سازنده تا 866Mbps."
6a5cbe6c89e6bfd0ee96283c,DN-0165,رادیو بی سیم لیگوویو LigoPTP 6-N RapidFire,ligowave,RADIO,5900-6400,,,,,,30,نرخ‌های 390 تا 65Mbps (بیشینهٔ جدولِ سازنده؛ در 866Mbps فقط 24dBm),-97,65Mbps (کمترین نرخِ جدول؛ جدول عنوانِ کانال ندارد، نرخ‌ها «Data Rates @ 80MHz»),-71,866Mbps (بیشترین نرخ؛ 256-QAM، کانال 80MHz طبقِ «Data Rates @ 80MHz»),LIGOWAVE_WJET_V_6GHZ,"https://www.ligowave.com/public/downloads/datasheets/LigoPTP/PTP%206-N,%206-25%20RapidFire.pdf",1405/07/10,"کانکتوردار: «LigoPTP 6-N RapidFire: 2 N-type Connectors» -> RADIO؛ فیلدهای آنتن خالی. (6-25 = نسخهٔ آنتن‌یکپارچهٔ 25dBi، محصولِ جدا.) باند: «Frequency Range 5.900–6.400GHz» (دیتاشیتِ بین‌المللی 2024 و دیتاشیتِ USA هر دو همین را دارند). صفحهٔ سازنده: https://www.ligowave.com/products/ligoptp-rapidfire . پروتکل «W-Jet V»؛ جدولِ TX/Rx دیتاشیت پهنای کانال ندارد، با ردیفِ «Data Rates @ 80MHz: 866, 780, 650, 585, 520, 390, 260, 195, 130, 65Mbps» یکی است؛ برای پهنای کانال‌های دیگر (5/10/14/15/20/30/40/60MHz) جدولِ نرخ در منبع نیست. اختلاف با سایت: باند: سایت فقط «6GHz» (عدد ندارد)، منبع 5900-6400MHz؛ پهنای کانال: سایت «5/10/20/40/80MHz»، منبع «5, 10, 14, 15, 20, 30, 40, 60, 80MHz»؛ توان: سایت ذکر نکرده، منبع 24 تا 30dBm؛ حداکثر نرخ 866Mbps با منبع می‌خواند (سازنده در متنِ تبلیغاتی «700Mbps throughput» هم می‌گوید)."
6a5cbd8989e6bfd0ee962767,DN-0191,روتربورد میکروتیک RB912UAG — بورد وایرلس اوتدر,mikrotik,RADIO,5150-5875,,,,,,30,6MBit/s و MCS0 (بیشینهٔ جدولِ سازنده؛ پهنای کانال در جدول نیامده),-96,6MBit/s و MCS0 (کمترین نرخِ جدول؛ پهنای کانال در جدول نیامده),-75,MCS7 (بیشترین نرخِ جدول؛ پهنای کانال در جدول نیامده),MIKROTIK_WIFI,https://mikrotik.com/product/RB912UAG-5HPnD,1405/07/10,بورد لخت (IP00) با پورت‌های MMCX برای آنتن و بدونِ آنتن/محفظه -> kind=RADIO و فیلدهای آنتن خالی. سایتِ ما فقط «RB912UAG» می‌نویسد؛ طبقِ مشخصاتِ ۵گیگِ سایت (802.11a/n، AR9342) نسخهٔ RB912UAG-5HPnD انتخاب شد (نسخهٔ 2HPnD ۲٫۴گیگ است) -> نیازمندِ تأییدِ مالک که کالای واقعی همین نسخه است. باندِ بین‌المللی 5150-5875MHz. 802.11a/n، ۲ زنجیر، 300Mbit/s. اختلاف با سایت: ندارد. در دستهٔ ریشهٔ «میکروتیک» ثبت شده و در بازبینیِ نهایی اضافه شد.
6a5cbd9189e6bfd0ee96276e,DN-0183,رادیو میموسا A5c,mimosa,RADIO,5150-6400,,,,,,27,Max Output Power (دیتاشیت),-93,MCS0، کانال ۲۰MHz (۴۰MHz: -90؛ ۸۰MHz: -87),,در منبع نیست (دیتاشیت فقط MCS0 می‌دهد),MIMOSA_5G_A5_C5,https://mimosa.co/sites/default/files/2024-07/Mimosa-Radisys-A5c-Datasheet_DS-2023-12.pdf,1405/07/10,منبع: دیتاشیتِ A5c (DS-2023-12، لینکِ صفحهٔ https://mimosa.co/products/a5c). اکسس‌پوینتِ PTMP «connectorized» با «Connector Type: Female Type N (x4)» و MIMO 4x4:4؛ آنتنِ سکتور جدا لازم است (kind=RADIO). Wireless Protocols: WiFi Interop و SRS؛ ظرفیتِ کلاینت: ۶۴ (WiFi Interop) / ۴۴ (SRS). توان 802.3at یا Passive PoE 48–56V. اختلاف با سایت: «Passive PoE 24V» سایت در دیتاشیت نیست (منبع: 802.3at / Passive PoE 48–56V)؛ باندِ سایت 5.1–5.85GHz، منبع 5150–6400MHz؛ «آنتن‌هایِ سکتور ۶۰ تا ۹۰ درجه» در دیتاشیت نیست؛ 4×N-type و ۴×۴ و IP67 و ۱×GbE می‌خواند. حساسیت: فقط MCS0؛ بیشترین نرخ در منبع نیست.
6a5cbd8a89e6bfd0ee962768,DN-0184,رادیو میموسا B5C,mimosa,RADIO,4900-6200,,,,,,30,Max Output Power در حالتِ ۲-stream؛ در ۴-stream ۲۷dBm,-93,MCS0، کانال ۲۰MHz (۴۰MHz: -90؛ ۸۰MHz: -87),,در منبع نیست (دیتاشیت فقط MCS0 می‌دهد),MIMOSA_5G_B5C,https://www.cladirect.com/wp-content/uploads/2021/01/Mimosa-by-Airspan-B5c-Datasheet_DS-0008-09.pdf,1405/07/10,هشدارِ منبع: صفحه و دیتاشیتِ B5c از mimosa.co برداشته شده (محصول Legacy/EOL؛ https://mimosa.co/products/specs/b5c به صفحهٔ PTP ریدایرکت می‌شود و https://mimosa.co/products/legacy/b5 فقط B5 را نشان می‌دهد). تنها نسخهٔ دیتاشیتِ خودِ سازنده که یافتم PDFِ «Mimosa by Airspan B5c Datasheet DS-0008-09» (۲۰۲۱/۰۱، چاپِ mimosa.co در پاورقی) است که روی سایتِ یک توزیع‌کننده (cladirect.com) میزبانی شده -- یعنی متنِ سازنده، نه خلاصهٔ فروشگاه؛ ولی میزبانش سازنده نیست -> مدیر تصمیم بگیرد. اعداد: Frequency 4900–6200MHz (restricted by country)، Max Output Power 30dBm (2-stream) / 27dBm (4-stream)، Sensitivity MCS0: -87@80 / -90@40 / -93@20MHz، 4x4:4 MIMO، Connector Type: Female Type N (x2) (سازنده: برایِ آنتنِ دوقطبشی)، Max 1.5Gbps IP aggregate (1.7Gbps PHY)، IP67، 48V 802.3at. اختلاف با سایت: سایت «۴× کانکتور N-type»، منبع ۲× Female Type N؛ سایت «تغذیهٔ Passive PoE 24V»، منبع 48V DC 802.3at / Passive PoE 48–56V؛ سایت «۲× گیگابیت اترنت»، منبع «Gigabit Ethernet 10/100/1000» بدونِ تعدادِ پورت؛ باندِ سایت 5.1–5.85GHz، منبع 4900–6200MHz. ظرفیت (۱٫۵Gbps و PHY ۱٫۷Gbps) و GPS Sync و IP67 می‌خواند. حساسیت: فقط MCS0؛ بیشترین نرخ در منبع نیست.
6a5cbd6a89e6bfd0ee96274a,DN-0186,رادیو میموسا C5C,mimosa,RADIO,4900-6400,,,,,,27,Max Output Power (دیتاشیت),-93,MCS0، کانال ۲۰MHz (۴۰MHz: -90؛ ۸۰MHz: -87),,در منبع نیست (دیتاشیت فقط MCS0 می‌دهد),MIMOSA_5G_A5_C5,https://mimosa.co/sites/default/files/2024-06/Mimosa-Radisys-C5c-Datasheet_DS-2024-01.pdf,1405/07/10,منبع: دیتاشیتِ C5c (DS-2024-01، لینکِ صفحهٔ https://mimosa.co/products/c5c؛ صفحه می‌گوید C5c در آمریکا موجود نیست). Connectorized با «Connector Type: (2) RP-SMA (female)» و MIMO 2x2:2 (سایت ۴×۴ و N-type می‌گوید -- هر دو اشتباه نسبت به منبع). Modes: PTMP Client و PTP Backhaul؛ Wireless Protocols: WiFi Interop و Mimosa SRS؛ ظرفیت 700Mbps IP (866 PHY). Frequency PTMP/PTP: 4900–6400MHz (restricted by country؛ بالای ۶٫۲GHz در PTMP نیازمندِ AP از نوعِ A5/A5c با P/N 100-000xx-01). اختلاف با سایت: سایت «4×4»، منبع 2x2:2؛ سایت «2× کانکتور N-type»، منبع 2× RP-SMA؛ سایت «IP67»، منبع IP55؛ سایت «2× گیگابیت اترنت»، منبع «Gigabit Ethernet 10/100/1000» بدونِ تعدادِ پورت؛ «تأخیر زیر 1ms» و «لینک تا 50km» در دیتاشیت نیست؛ باندِ سایت 5.1–5.85GHz، منبع 4900–6400MHz. ظرفیت ۷۰۰Mbps و Passive PoE (24–56VDC) می‌خواند. حساسیت: فقط MCS0؛ بیشترین نرخ در منبع نیست.
6a5cbd5689e6bfd0ee962737,DN-0106,لینک مایکروویو Racom RAy3 (1Gbps / آنتن 3ft),racom,RADIO,24000-24250,,,,,,10,«RF Output Power: -30 to +10 dBm (all modulations and channels)»؛ مدل‌های با پسوندِ R فقط -30 تا -15dBm,-100.5,QPSK_S (2.6Mb/s خام)، کانال 3.5MHz، BER 10^-6، typical ±2dB,-54.0,2048QAM (1012.4Mb/s خام / 1002Mb/s اترنت L2)، کانال 112MHz، BER 10^-6، typical ±2dB (بالاترین ترکیبِ مجاز با کلیدِ SW-1000),RACOM_RAY3_24,https://www.racom.eu/eng/products/m/ray3/tech.html,1405/07/10,"باند ⚠ نیازمندِ تأییدِ مدیر: عنوانِ محصول باند نمی‌دهد؛ RAy3 در 10/11/17/18/24/80GHz عرضه می‌شود و باند سخت‌افزاریِ ثابت است. 24GHz را از فیلدِ specifications قدیمیِ خودِ محصول («24GHz = -24.00-24.25»، «ODU: 24GHz = One universal unit» که عینِ ردیفِ «Unit types: One universal unit for Lower (L) and Upper (U)» سازنده برای RAy3-17/24 است) و متنِ سایت گرفتم؛ با RAy3-24 سازنده (24.00–24.25GHz) می‌خواند. اگر واقعاً RAy3-10 است باند و توان و حساسیت و جدولِ نرخ همه عوض می‌شوند. آنتن جداست: سازنده «RAy3 link requires use of external parabolic antenna for each RAy unit» و «Antenna: Class 3, 0.3 – 1.8 m, direct mounting (Jirous or LEAX/Arkivator or Shenglu or others)» -> kind=RADIO، gain خالی. آنتن‌های رسمیِ سازنده در 24GHz: ANT-SL-600-24 (Shenglu 0.6m: 41.5/42.0/42.5dBi پایین/میانه/بالای باند، 1.3°)، ANT-SL-900-24 (Shenglu 0.9m: 45.4/45.8/46.2dBi، 1°)، ANT-JRMC-680-24R (Jirous 0.68m: 42.0±1 و 42.5±1dBi، 1.2°)، ANT-JRMC-900-24R (Jirous 0.9m: 44.0±1 و 45.0±1dBi، 0.9°). نمی‌دانیم بستهٔ ما کدام آنتن را دارد (3ft≈0.9m). ظرفیتِ «1Gbps» = کلیدِ نرم‌افزاری RAy3-SW-1000 (پیش‌فرضِ سخت‌افزار 360Mb/s؛ 500 و 1000 با کلید)؛ نگاشتِ محصول به کلید از عنوان است. جدولِ کاملِ نرخ‌ها (همهٔ ترکیب‌های کانال×مدولاسیون) در فایلِ دوم. دیتاشیتِ RAy3 (ver. 5.5) برای 24GHz «2.7 Mb/s @ -100.5 dBm» تا «1002 Mb/s @ -54.0 dBm» می‌دهد: RSS همان است، نرخ‌ها کمی با Tab. 9.25 فرق دارد (دیتاشیت ظرفیتِ اترنت را می‌آورد، Tab. 9.25 نرخِ خام را): https://www.racom.eu/download/hw/ray/free/eng/00_letaky/ray-dsA4-en.pdf . اختلاف با سایت: «ساختار یکپارچهٔ ODU»: سازنده آنتن را جدا می‌داند (ODU با فلنجِ موج‌بر روی آنتن نصب می‌شود)؛ «PoE 802.3at (40–60VDC)»: منبع «PoE active IEEE 802.3at (PoE+); PoE passive 20–60 VDC; DC 20–60 VDC»؛ «تا 1Gbps»: ظرفیتِ کلیدی است؛ باند، پهنای کانال 3.5–112MHz، QPSK تا 4096QAM (4096QAM فقط در کانال‌های 14 تا 56MHz)، پورت‌های GbE+SFP با منبع می‌خواند."
6a5cbd5589e6bfd0ee962736,DN-0107,لینک مایکروویو Racom RAy3 (500Mbps / آنتن 2ft),racom,RADIO,24000-24250,,,,,,10,«RF Output Power: -30 to +10 dBm (all modulations and channels)»؛ مدل‌های با پسوندِ R فقط -30 تا -15dBm,-100.5,QPSK_S (2.6Mb/s خام)، کانال 3.5MHz، BER 10^-6، typical ±2dB,-57.0,2048QAM (506.1Mb/s خام / 501Mb/s اترنت L2)، کانال 56MHz، BER 10^-6، typical ±2dB (بالاترین ترکیبِ مجاز با کلیدِ SW-500),RACOM_RAY3_24,https://www.racom.eu/eng/products/m/ray3/tech.html,1405/07/10,باند ⚠ نیازمندِ تأییدِ مدیر: همان توضیحِ DN-0106 (عنوان باند نمی‌دهد؛ 24GHz از specifications قدیمیِ محصول و سایت، هم‌خوان با RAy3-24 سازنده). آنتن جداست (سازنده: «requires use of external parabolic antenna for each RAy unit») -> kind=RADIO، gain خالی. آنتن‌های رسمیِ 24GHz: ANT-SL-600-24 (Shenglu 0.6m≈2ft: 41.5/42.0/42.5dBi، 1.3°)، ANT-JRMC-680-24R (Jirous 0.68m: 42.0±1 و 42.5±1dBi، 1.2°)؛ نمی‌دانیم بسته کدام را دارد. ظرفیتِ «500Mbps» = کلیدِ نرم‌افزاری RAy3-SW-500 (نگاشت از عنوان). طبقِ جدولِ «Data Speed SW keys» سازنده، بالاترین ترکیبِ مجاز با این کلید 2048QAM در کانال 56MHz (501Mb/s اترنت) است؛ ترکیب‌های سبزرنگِ جدول (نیازمندِ SW-1000) از فایلِ دوم بیرون ماندند. جدولِ نرخ‌ها در فایلِ دوم (فقط ترکیب‌های مجاز با SW-500 یا پایین‌تر). اختلاف با سایت: «آنتن یکپارچه ۲ فوتی (60cm)»: سازنده آنتن را جدا می‌داند (ODU با فلنجِ موج‌بر روی آنتن نصب می‌شود)؛ «رمزگذاری AES» در متنِ سایت: سازنده «Encryption ... Available on special request only (SW key)» و فقط مدل‌های E/X/S؛ «PoE 802.3at (40–60VDC)»: منبع «PoE active IEEE 802.3at; PoE passive 20–60 VDC; DC 20–60 VDC»؛ «تا 500Mbps»: ظرفیتِ کلیدی است؛ باند، پهنای کانال، QPSK تا 4096QAM، پورت‌ها با منبع می‌خواند.
6a5cbe5589e6bfd0ee962827,DN-0226,رادیو یوبیکیوتی AirFiber 5XHD,ubnt,RADIO,4800-6200,,,,,,29,Max. Conducted TX Power (وابسته به منطقه)؛ در 1x/2x/4x برابر 29dBm؛ در 12x فقط 12-15dBm پیشنهاد شده (Suggested Max TX Power),-90,1x (½ Rate QPSK)، کانال ۱۰MHz (در ۱۰۰MHz: -80),-56,12x (4096QAM)، کانال ۱۰MHz (در ۱۰۰MHz: -39),UBNT_AIRFIBER_5XHD,https://dl.ui.com/datasheets/airfiber/airFiber_5XHD_DS.pdf,1405/07/10,منبع: دیتاشیتِ رسمی (ص۹ جدولِ Receive Sensitivity و Suggested Max TX Power؛ ص۱۰ جدولِ TDD Capacity). تأییدِ دوم: https://techspecs.ui.com/uisp/wireless/airfiber-5xhd-1 (توان ۲۹dBm، باند ۴۸۰۰-۶۲۰۰). kind=RADIO: دو کانکتورِ RP-SMA (CH0/CH1) دارد؛ دیتاشیت می‌گوید با آنتنِ airFiber X (AF-5G23-S45 / AF-5G30-S45 / AF-5G34-S45) یا RocketDish (RD-5G30/RD-5G34) جفت می‌شود -> آنتنِ جدا لازم است (سایت این را نمی‌گوید). پهنای کانالِ شرطِ حساسیت: برایِ هر دو سر (کم/زیاد) باریک‌ترین کانالِ جدول (۱۰MHz) آمد؛ جدولِ کاملِ هر ۸ پهنا در فایلِ MCS است. باند: 4800-6200 «Worldwide، وابسته به مقررات منطقه»؛ US/CA: 5150-5250/5250-5350/5470-5725/5725-5850. اختلاف با سایت: «INVICTUS» در دیتاشیت نیست (فقط «LTU custom silicon»)؛ «ظرفیت ۱٫۳۴Gbps» در دیتاشیت فرضِ 4096QAM و firmware≥1.1.2 است؛ «تأخیر ۱٫۵–۳٫۵ms» مبتنی بر فریمِ ۲ms. بقیهٔ عددهایِ سایت (باند، ۲۹dBm، پهنایِ کانال، ۲×GbE، IP67 با کیت، دمای -40..+55، AES-256، ۰٫۳۵kg، ۲۱٫۲bps/Hz) با دیتاشیت می‌خواند.
6a5cbd7289e6bfd0ee962751,DN-0079,رادیو میکروتیک BaseBox5,wireless-outdoor-mikrotik,RADIO,5150-5875,,,,,,30,6MBit/s یا MCS0 (بیشینه در جدولِ سازنده),-96,6MBit/s یا MCS0,-75,MCS7,MIKROTIK_WIFI,https://mikrotik.com/product/RB912UAG-5HPnD-OUT,1405/07/10,آنتن از طریقِ ۲× RP-SMA Female (کانکتورِ خارجی) است؛ با متنِ فعلیِ سایت («کانکتورِ خارجی») می‌خواند، اختلافی نیست. چون رادیو RADIO است نه RADIO_INTEGRATED، فیلدهای آنتن خالی ماندند.
6a5cbe2b89e6bfd0ee9627ff,DN-0083,رادیو وایرلس خارجی میکروتیک BaseBox 2 (مدل RB912UAG-2HPnD-OUT),wireless-outdoor-mikrotik,RADIO,,,,,,,30,۱Mbit/s، ۱۱Mbit/s، ۶Mbit/s یا MCS0 (هر چهار نرخ در ۳۰dBm مشترک‌اند),-100,۱Mbit/s (کمترین نرخ),-73,MCS7 (بیشترین نرخ),MIKROTIK_WIFI,https://mikrotik.com/product/RB912UAG-2HPnD-OUT,1405/07/10,صفحهٔ رسمی فقط «۲٫۴GHz» می‌گوید، بازهٔ دقیقِ MHz در هیچ پاراگرافی نیامده (برخلافِ محصولاتِ ۵GHz که «International/US» را صریح می‌نویسند) → bands_mhz خالی ماند. کانکتوردار (۲×SMA) → آنتنِ جدا لازم دارد (kind=RADIO). جدولِ Tx/Rx از همان جدولِ «Wireless specifications» صفحهٔ محصول.
6a5cbde789e6bfd0ee9627bf,DN-0084,رادیو وایرلس میکروتیک BaseBox 6,wireless-outdoor-mikrotik,RADIO,5900-6400,,,,,,30,6MBit/s (بیشینه),-93,6MBit/s یا MCS0,-76,MCS7,MIKROTIK_WIFI,https://mikrotik.com/product/basebox_6,1405/07/10,باندِ ۵.۹-۶.۴GHz لایسنس‌دار و آنتنِ ۲×SMA خارجی دقیقاً با سایت می‌خواند؛ اختلافی نیست. پروتکل (802.11a/n) همان خانوادهٔ MIKROTIK_WIFI است ولی چون باندش لایسنس‌دار و کاملاً جدا از ۵GHz معمولی است، در عمل با هیچ رادیوی دیگرِ همین دسته لینک نمی‌شود -- محدودیت از طریقِ bands_mhz اعمال می‌شود، نه family جدا. اگر چتِ الف خانوادهٔ جداگانه (مثلاً MIKROTIK_WIFI_6G) ترجیح می‌دهد، لطفاً تأیید کند.
6a5cbdb089e6bfd0ee96278b,DN-0086,رادیو وایرلس میکروتیک Groove A-52HPn,wireless-outdoor-mikrotik,RADIO,2412-2484;5150-5875,,,,,,27,1MBit/s، 11MBit/s، 6MBit/s یا MCS0، باندِ 2.4GHz,-97,1MBit/s، باندِ 2.4GHz,-70,MCS7، باندِ 2.4 یا 5GHz (هر دو -70 هستند),MIKROTIK_WIFI,https://mikrotik.com/product/RBGrooveA-52HPnr2,1405/07/10,باند ۲.۴ یا ۵GHz قابلِ انتخاب است (هم‌زمان نه)؛ هر دو بازه را با ';' آوردم. کانکتورِ N-male خارجی با آنتنِ همراهِ جداشدنی 6dBi(2.4GHz)/8dBi(5GHz) -- سایت می‌نویسد «کانکتورِ خارجی (۶dBi داخلی)» که خودش دوپهلوست: هم «خارجی» هم «داخلی» گفته و فقط یک عدد (۶dBi) داده در حالی‌که سازنده دو عددِ باندی (6/8dBi) می‌دهد. چون RADIO است (نه RADIO_INTEGRATED)، فیلدهای آنتن خالی ماندند؛ این پیشنهادِ اصلاحِ متنِ سایت برای چتِ الف است.
6a5cbde989e6bfd0ee9627c1,DN-0087,رادیو وایرلس میکروتیک GrooveA 52 ac,wireless-outdoor-mikrotik,RADIO,2412-2484;5150-5875,,,,,,26,6MBit/s یا MCS0، باندِ 5GHz,-97,1MBit/s، باندِ 2.4GHz,-69,MCS9، باندِ 5GHz,MIKROTIK_WIFI,https://mikrotik.com/product/RBGrooveGA-52HPacn,1405/07/10,باندِ ۲.۴GHz یا ۵GHz قابلِ‌انتخاب (نه هم‌زمان)، کانکتورِ N-male خارجی، 802.11a/b/g/n/ac -- دقیقاً با سایت می‌خواند؛ اختلافی نیست. چون RADIO است، فیلدهای آنتن خالی ماندند.
6a5cbdee89e6bfd0ee9627c6,DN-0093,رادیو وایرلس میکروتیک NetBox 5,wireless-outdoor-mikrotik,RADIO,5150-5875,,,,,,31,6MBit/s (بیشینه),-96,6MBit/s یا MCS0,-72,MCS9,MIKROTIK_WIFI,https://mikrotik.com/product/RB911G-5HPacD-NB,1405/07/10,اختلافِ مهم با سایت: جدولِ مشخصاتِ سایت می‌گوید «آنتن: یکپارچه» (و شمارِ آن در kind=RADIO_INTEGRATED در نظر گرفته می‌شد)، اما صفحهٔ رسمیِ سازنده صراحتاً 'RP-SMA connectors for antennas' را برای همین مدل (RB911G-5HPacD-NB) می‌نویسد -- یعنی آنتن خارجی و جداشدنی است، نه یکپارچه. kind اینجا RADIO ثبت شد و فیلدهای آنتن خالی ماندند؛ پیشنهاد: متنِ techSpecs سایت («آنتن: یکپارچه») باید به «کانکتورِ خارجی (۲×RP-SMA)» اصلاح شود -- تصمیمِ نهایی با مدیر/چتِ الف. این محصول هم رسماً discontinued است و سازنده L11UG-5HaxD-NB (نسخهٔ ax) را جایگزین می‌داند؛ موضوعِ تجاری برای اطلاعِ مدیر.
6a8962c012e497ee86649084,DN-0094,رادیو وایرلس میکروتیک NetBox 5 ax,wireless-outdoor-mikrotik,RADIO,,,,,,,28,۶Mbit/s یا MCS0,-96,۶Mbit/s (کمترین نرخ),-67,MCS11 (بیشترین نرخ),MIKROTIK_WIFI_AX,https://mikrotik.com/product/netbox_5_ax,1405/07/10,باندِ دقیقِ MHz در صفحهٔ رسمی ذکر نشده (فقط «۵GHz Wi-Fi 6»)؛ bands_mhz خالی ماند. کانکتوردار (RP-SMA) → kind=RADIO. Wi-Fi 6 — همان سؤالِ خانوادهٔ سازگاریِ ردیفِ NetMetal ax برایِ این محصول هم صدق می‌کند.
6a8962c012e497ee86649083,DN-0095,رادیو وایرلس میکروتیک NetMetal 5 (RB922UAGS-5HPacD-NM),wireless-outdoor-mikrotik,RADIO,5150-5875,,,,,,31,۶Mbit/s,-96,۶Mbit/s (کمترین نرخ),-72,MCS9 (بیشترین نرخ),MIKROTIK_WIFI,https://mikrotik.com/product/RB922UAGS-5HPacD-NM,1405/07/10,باندِ بین‌المللی ۵۱۵۰-۵۸۷۵MHz (US: ۵۱۷۰-۵۲۵۰/۵۷۲۵-۵۸۳۵ قفل). کانکتوردار (۲×RP-SMA) → kind=RADIO. جدولِ Tx/Rx دقیقاً با NetMetal 5SHP یکسان است (پلتفرمِ QCA9557/QCA9882 مشترک).
6a5cbdf889e6bfd0ee9627cf,DN-0096,رادیو وایرلس میکروتیک NetMetal 5SHP (RB921UAGS-5SHPacD-NM),wireless-outdoor-mikrotik,RADIO,5150-5875,,,,,,31,۶Mbit/s,-96,۶Mbit/s (کمترین نرخ),-72,MCS9 (بیشترین نرخ),MIKROTIK_WIFI,https://mikrotik.com/product/RB921UAGS-5SHPacD-NM,1405/07/10,باندِ بین‌المللی ۵۱۵۰-۵۸۷۵MHz (US: ۵۱۷۰-۵۲۵۰/۵۷۲۵-۵۸۳۵ قفل). کانکتوردار (۲×RP-SMA) → آنتنِ جدا لازم دارد، بدونِ گین/نوعِ آنتنِ ثابت (طبقِ قاعدهٔ تسک: kind=RADIO). techSpecsِ فعلیِ سایت «توان خروجی: ۳۱dBm» دقیقاً با tx_max اینجا یکی است، اختلافی نیست. محصول توسطِ سازنده منسوخ اعلام شده (طبقِ توضیحِ موجود در سایت).
6a8962c012e497ee86649082,DN-0097,رادیو وایرلس میکروتیک NetMetal ax,wireless-outdoor-mikrotik,RADIO,,,,,,,29,۲٫۴GHz، ۶Mbit/s یا MCS0 (بیشینهٔ کلِ جدول، در ۵GHz بیشینه ۲۸dBm است),-100,۲٫۴GHz، ۱Mbit/s (کمترین نرخِ کلِ جدول),-67,MCS11 — در هر دو باند (۲٫۴ و ۵GHz) یکسان است,MIKROTIK_WIFI_AX,https://mikrotik.com/product/netmetal_ax,1405/07/10,باندِ دقیقِ MHz در صفحهٔ رسمی ذکر نشده (فقط «۲٫۴ و ۵GHz» به‌صورتِ کلی)؛ bands_mhz خالی ماند. کانکتوردار (۲×RP-SMA) → آنتنِ جدا لازم دارد (kind=RADIO). دستگاه دوبانده است (۲٫۴GHz و ۵GHz هم‌زمان، هرکدام با جدولِ Tx/Rx جداگانه — رجوع به فایلِ نرخ‌ها)؛ tx_max/sens_low/sens_high بالا بیشینه/کمینهٔ کلِ هر دو جدول است، نه فقط یک باند. این رادیو Wi-Fi 6 (802.11ax) است، نه ac مثلِ بیشترِ بقیهٔ این گروه؛ **سؤالِ خانوادهٔ سازگاری**: آیا 802.11ax باید زیرِ همان MIKROTIK_WIFI بماند یا خانوادهٔ جدا (مثلاً MIKROTIK_WIFI_AX) چون RouterOS v7 لازم دارد؟ اینجا به‌صورتِ محافظه‌کارانه MIKROTIK_WIFI گذاشته شد (چون همچنان 802.11 استاندارد و با نسل‌هایِ قبلی سازگارِ روبه‌پایین است) — نیازمندِ تأییدِ مدیر.
6a5cbe0789e6bfd0ee9627dd,DN-0037,اکسس پوینت آتدور میکروتیک wAP ac,access-point-mikrotik,RADIO_INTEGRATED,,2.5,OMNI,,,,25,۲٫۴GHz، 1MBit/s، 11MBit/s، 6MBit/s یا MCS0 (بیشینهٔ کلِ جدول؛ در ۵GHz بیشینه 24dBm است),-100,۲٫۴GHz، 1MBit/s (کمترین نرخِ کلِ جدول؛ در ۵GHz کمترین نرخ 6MBit/s با -96),-70,۵GHz، MCS9 (بیشترین نرخِ جدول؛ بالاترین نرخِ ۲٫۴GHz، MCS7 با -73 است),MIKROTIK_WIFI,https://mikrotik.com/product/wap_ac,1405/07/10,"ویرایشِ جدید (کد RBwAPG-5HacD2HnD، سفید؛ -BE سیاه): ۲ پورتِ گیگابیت، IPQ-4018 چهارهسته، 128MB RAM، جک 10-57V، 10W، 185×85×30mm؛ مشخصاتِ سایت دقیقاً با همین ویرایش می‌خواند. ویرایشِ قدیمی (RBwAPG-5HacT2HnD، تک‌پورت، QCA9556) صفحهٔ جدا و جدولِ Tx/Rx متفاوت دارد (مثلاً ۵GHz MCS9: Tx 23 و Rx -72) و استفاده نشد. **صفحهٔ سازنده این محصول را «Discontinued» علامت زده.** دوباند هم‌زمان ۲×۲؛ ۲٫۴GHz: 802.11b/g/n تا 300Mbit/s؛ ۵GHz: 802.11a/n/ac تا 867Mbit/s (AC1200). بهره: صفحهٔ محصول ۲٫۵dBi هر دو باند و Quick Guideِ سازنده (help.mikrotik.com، بخشِ اطلاعاتِ مکزیک: «antena dipolo integrada, ganancia máxima 2.5 dBi») هم ۲٫۵ -> ۲٫۵ آمد و kind=RADIO_INTEGRATED و antenna_type=OMNI (از واژهٔ dipole + بروشور). **تعارضِ درونِ مستنداتِ سازنده:** بروشورِ PDF همین ویرایش (wAPac_250115.pdf) «Antenna gain 7 dBi» و «beam width 360°» می‌نویسد، یعنی با دو منبعِ دیگرِ سازنده نمی‌خواند. بهره ۲٫۵ آمد (دو منبع در برابرِ یک)؛ 360° از همان بروشور است و فقط چون با دایپل می‌خواند گذاشته شد. مدیر لطفاً تعیین‌تکلیف کند. باندِ عددی (MHz) در صفحهٔ محصول نیست -> bands_mhz خالی. (فقط برایِ اطلاع: جدولِ مقرراتیِ EU در دفترچه: 2400-2483.5، 5150-5250، 5250-5350، 5470-5725؛ Quick Guideِ مکزیک: 2400-2483.5 و 5725-5850.) قطبش در منبع نیست. جدولِ Tx/Rx دو بانده است (۶ ردیف ۲٫۴GHz و ۵ ردیف ۵GHz) و پهنایِ کانال ندارد؛ tx_max و sens_low/high بالا بیشینه/کمینهٔ کلِ هر دو جدول‌اند؛ جزئیات در rf_mcs_engenius_ap.py. جدولِ بروشورِ PDF با صفحه یکی است. اختلاف با سایت: ندارد (۲٫۵dBi، 128MB/16MB، IPQ-4018، 10-57V، 10W، IP54، -40..70°C، ۲×گیگابیت با سازنده می‌خواند). مستندات: بروشور https://cdn.mikrotik.com/web-assets/product_files/wAPac_250115.pdf ؛ Quick Guide https://help.mikrotik.com/docs/spaces/QG/pages/21725203/Quick+Guide+-+wAP+ac+series | beamwidth_deg=360 فقط از بروشورِ PDF بود که با صفحهٔ سازنده در بهره (7 در برابر 2.5dBi) ناهمخوان است؛ در ستون نیامد."
6a76bd4b43a7b8c6279cd8b1,DN-0038,اکسس پوینت آتدور میکروتیک wAP ax,access-point-mikrotik,RADIO_INTEGRATED,,7,OTHER,,180,,24,۲٫۴GHz، 6MBit/s یا MCS0 (بیشینهٔ کلِ جدول؛ در ۵GHz بیشینه 23dBm است),-100,۲٫۴GHz، 1MBit/s (کمترین نرخِ کلِ جدول؛ در ۵GHz کمترین نرخ 6MBit/s با -96),-67,MCS11 (بیشترین نرخِ جدول؛ در هر دو باند ۲٫۴ و ۵GHz یکسان است),MIKROTIK_WIFI_AX,https://mikrotik.com/product/wap_ax,1405/07/10,کدِ محصول wAPG-5HaxD2HaxD. دوباندِ هم‌زمان، ۲×۲ (2 chains در هر باند)؛ ۲٫۴GHz: 802.11b/g/n/ax تا 574Mbit/s؛ ۵GHz: 802.11a/n/ac/ax تا 2400Mbit/s (AX3000)، هر دو چیپ‌ست‌هایِ جدا (IPQ-5010 / QCN-6102). kind: صفحهٔ محصول کانکتورِ آنتن ندارد و «Antenna gain» ثابت می‌دهد؛ واژهٔ «integrated» صریحاً در صفحه نیست، ولی بدونِ هیچ کانکتورِ خارجی است -> RADIO_INTEGRATED. بهره: صفحهٔ محصول ۶٫۹dBi (۲٫۴GHz) و ۷dBi (۵GHz)؛ بروشورِ PDF (wAPax_241110.pdf) و دفترچهٔ help.mikrotik.com هر دو ۷dBi هر باند -> بیشینه ۷ آمد. beamwidth_deg=180 از بروشور (ردیفِ «Antenna beam width: 180°»)؛ سازنده صفحهٔ افقی/عمودی را مشخص نکرده، و نوعِ آنتن را هم نگفته -> antenna_type=OTHER (برچسبِ من، نه سازنده). قطبش در منبع نیست. باندِ عددی (MHz) در صفحهٔ محصول نیست (فقط «2.4 GHz» و «5 GHz») -> bands_mhz خالی. (فقط برایِ اطلاعِ مدیر: جدولِ مقرراتیِ دفترچهٔ سازنده برایِ EU: 2400-2483.5، 5150-5250، 5250-5350، 5470-5725، 5725-5850 و 5850-5895؛ این سقفِ مقرراتیِ منطقه است نه مشخصهٔ سخت‌افزار، پس در ستون نیامد.) جدولِ Tx/Rx دو بانده است (۸ ردیف ۲٫۴GHz و ۶ ردیف ۵GHz) و پهنایِ کانال ندارد؛ tx_max و sens_low/high بالا بیشینه/کمینهٔ کلِ هر دو جدول‌اند، نه فقط یک باند؛ جزئیات در rf_mcs_engenius_ap.py. اختلاف با سایت: ندارد (آنتن یکپارچه ۶٫۹/۷dBi، PoE-in 802.3af/at، 9W، IP54، -40..70°C با صفحهٔ سازنده می‌خواند). مستندات: بروشور https://cdn.mikrotik.com/web-assets/product_files/wAPax_241110.pdf ؛ دفترچه https://help.mikrotik.com/docs/spaces/UM/pages/279052378/wAP+ax
6a5cbe6e89e6bfd0ee96283e,DN-0217,رادیو کمبیوم نتورک 6GHz FORCE 4625,cambium,RADIO_INTEGRATED,5925-7125,25,DISH,47.2,,,28,"«+3 to +28 dBm (combined, to regional EIRP limit)»، گام 1dB؛ شرطِ MCS در منبع نیست (بیشینهٔ بازه)",-92,MCS 0 (BPSK)، کانال 20MHz، per chain,-51,MCS 11 (1024 QAM-5/6)، کانال 160MHz، per chain,CAMBIUM_EPMP_6GHZ_4600,https://brandcentral.cambiumnetworks.com/m/e1aa7c6c90f854f/original/Cambium_Networks_data_sheet_ePMP_Force_4625_SM.pdf,1405/07/10,دیتاشیت 2026: «Antenna: 25 dBi Integrated Dish» -> RADIO_INTEGRATED، gain 25، DISH. diameter_cm=47.2 از ردیفِ «Dimensions (Dia x Depth) 472 x 472 x 296 mm» (ابعادِ دستگاه؛ سازنده قطرِ بازتابنده را جدا نگفته). beamwidth: فقط نمودارِ الگو (تصویر) است، عددِ متنی در منبع نیست. polarization: ذکرِ صریح در منبع نیست (الگوهای Horizontal و Vertical جدا نمایش داده شده؛ DUAL/SINGLE نگذاشتم). باند «5925–7125 MHz» با پانویسِ «dictated by individual country regulations؛ operation under AFC control in FCC and Canada». حساسیت «Nominal Receive Sensitivity (w/FEC) ... (per chain)» -- به‌ازای هر زنجیره. فقط دو سرِ جدولِ MCS در دیتاشیت هست (فایلِ دوم). توجه: در دیتاشیتِ 4625 مقدارِ MCS 0 در کانال‌های 80 و 160MHz هر دو -86 و گامِ MCS 11 در 160MHz برابرِ 4dB چاپ شده (در 4600C: -86/-83 و گامِ 3dB)؛ عیناً همان‌طور که چاپ شده آمد. اختلاف با سایت (باند و بهره می‌خواند): تغذیه: سایت «Passive PoE 18–56V»، منبع Input Voltage 44V–59V؛ توان مصرفی: سایت ~14W، منبع 13W (تا 15W در سرمای شدید)؛ وزن: سایت ~2kg، منبع 2.76kg؛ دما: سایت -30 تا +65°C، منبع «-30°C to 55°C»؛ سایت (specifications قدیمی) «EIRP تا 36dBm (با AFC)» دارد که در دیتاشیت نیست.
6a5cbe2c89e6bfd0ee962800,DN-0189,اکسس‌پوینت سکتور میکروتیک SXT SA5 (مدل RBSXTG-5HPnD-SAr2),mikrotik,RADIO_INTEGRATED,5150-5875,14,SECTOR,,90,,30,6MBit/s و MCS0 (بیشینهٔ جدولِ سازنده؛ پهنای کانال در جدول نیامده),-96,6MBit/s (کمترین نرخِ جدول؛ پهنای کانال در جدول نیامده),-73,MCS7 (بیشترین نرخِ جدول؛ پهنای کانال در جدول نیامده),MIKROTIK_WIFI,https://mikrotik.com/product/RBSXTG-5HPnD-SAr2,1405/07/10,باندِ بین‌المللی 5150-5875MHz (نسخهٔ آمریکا قفل‌شده روی 5170-5250/5725-5835). 802.11a/n، ۲ زنجیر، 300Mbit/s، بهرهٔ 14dBi، زاویهٔ 90 درجه (از عنوان و متنِ صفحه). پلاریزاسیون در صفحه نیست. صفحهٔ سازنده آن را «Discontinued» نشان می‌دهد. اختلاف با سایت: ندارد (14dBi، 90°، 802.11a/n، IP54، PoE ۶–۳۰V). این محصول (نسخهٔ n) غیر از `DN-0071` (SXT SA5 ac) است. در دستهٔ ریشهٔ «میکروتیک» ثبت شده و در بازبینیِ نهایی اضافه شد.
6a5cbe2f89e6bfd0ee962803,DN-0190,رادیو وایرلس میکروتیک SXTsq Lite2 (مدل RBSXTsq2nD),mikrotik,RADIO_INTEGRATED,,10,,,,,30,1MBit/s و 11MBit/s و 6MBit/s و MCS0 (بیشینهٔ جدولِ سازنده؛ پهنای کانال در جدول نیامده),-100,1MBit/s (کمترین نرخِ جدول؛ پهنای کانال در جدول نیامده),-75,MCS7 (بیشترین نرخِ جدول؛ پهنای کانال در جدول نیامده),MIKROTIK_WIFI,https://mikrotik.com/product/sxtsq_lite2,1405/07/10,تک‌باند ۲٫۴گیگ، 802.11b/g/n، ۲ زنجیر، حداکثر نرخ 300Mbit/s، بهرهٔ 10dBi (جدولِ «Wireless specifications» صفحهٔ سازنده). بازهٔ عددیِ باند در صفحه نیامده (فقط «2.4GHz») -> bands_mhz خالی. نوعِ آنتن، پهنای پرتو و پلاریزاسیون در صفحه نیست -> در منبع نیست (عددِ ۶۰ درجه فقط در فروشگاه‌ها دیده شد و منبع نیست). اختلاف با سایت: ندارد (۱۰dBi، 802.11b/g/n، ۲ زنجیر، 300Mbit/s، PoE پسیو ۱۰–۳۰V، ۵W همه با صفحهٔ سازنده می‌خواند). این محصول در دستهٔ ریشهٔ «میکروتیک» ثبت شده، نه wireless-outdoor-mikrotik؛ در بازبینیِ نهایی پیدا و اضافه شد.
6a5cbe3c89e6bfd0ee96280f,DN-0185,رادیو میموسا B5x,mimosa,RADIO_INTEGRATED,4900-6400,8,,,58,DUAL,30,Max Output Power در حالتِ 1x (تک‌فرکانس)؛ در حالتِ 2x (دو فرکانس) ۲۷dBm,-93,MCS0، کانال ۲۰MHz (۴۰MHz: -90؛ ۸۰MHz: -87),,در منبع نیست (دیتاشیت فقط MCS0 می‌دهد),MIMOSA_5G_B5X,https://mimosa.co/sites/default/files/2024-07/Mimosa-Radisys-B5x-Datasheet_DS-2023-12.pdf,1405/07/10,منبع: دیتاشیتِ B5x (DS-2023-12، لینکِ صفحهٔ https://mimosa.co/products/b5x). Frequency 4.90–6.40GHz «restricted by country» (خودِ صفحهٔ محصول 4.9–6.425 می‌نویسد؛ عددِ دیتاشیت آمد). kind=RADIO_INTEGRATED: آنتنِ بومیِ ۸dBi (Dual-slant 45°، Beamwidth Symmetric 3dB = ۵۸°) + کانکتورِ twist-on N5-X (N5-X12/16 horn، N5-X20/25 dish؛ بهرهٔ ۱۲/۱۶/۲۰/۲۵). بهره/بیمِ ستون‌ها مالِ آنتنِ بومی است؛ هیچ کانکتورِ N-type ندارد. MIMO 4x4:4 (مجموعاً دو رادیوی دو‌جریانه که در حالتِ Dual Link روی دو فرکانس کار می‌کنند)؛ GPS Sync: GNSS-1 با 1PPS؛ IP67. اختلاف با سایت: ظرفیتِ سایت «تا 1.5Gbps PHY»، دیتاشیت «1.5Gbps IP aggregate (PHY: 1.7Gbps)»؛ سایت «Passive PoE 24V»، دیتاشیت «48VDC passive isolated PoE injector (توصیه ۵۰VDC)»؛ سایت «2× گیگابیت اترنت»، دیتاشیت «Gigabit Ethernet: 10/100/1000-BASE-T» بدونِ تعدادِ پورت -> تعدادِ پورت در منبع نیست؛ باندِ سایت 5.1–5.85GHz، منبع 4.9–6.4GHz. حساسیت: فقط MCS0 در سه پهنا؛ بیشترین نرخ در منبع نیست. | نوعِ آنتن را سازنده نام نمی‌برد؛ antenna_type خالی ماند.
6a5cbe3d89e6bfd0ee962810,DN-0187,رادیو میموسا C5X,mimosa,RADIO_INTEGRATED,4900-6400,8,,,58,DUAL,27,Max Output Power (دیتاشیت),-93,MCS0، کانال ۲۰MHz (۴۰MHz: -90؛ ۸۰MHz: -87),,در منبع نیست (دیتاشیت فقط MCS0 می‌دهد),MIMOSA_5G_A5_C5,https://mimosa.co/sites/default/files/2025-02/Mimosa-Radisys-C5x-DS-2024-01-IP67.pdf,1405/07/10,"منبع: دیتاشیتِ C5x (DS-2024-01، لینکِ صفحهٔ https://mimosa.co/products/c5x؛ نسخهٔ 2024-07 هم عیناً همین متن است). kind=RADIO_INTEGRATED: رادیوی یکپارچه با آنتن‌هایِ ماژولار؛ نوعِ کانکتورِ RF در دیتاشیت = N5-X twist-on اختصاصیِ میموسا؛ آنتنِ بومیِ ۸dBi (جدولِ آنتن: Dual-slant 45°، Beamwidth Symmetric 3dB = ۵۸°)؛ با twist-on N5-X12 (horn, 38°) / N5-X16 (horn, 22°) / N5-X20 (dish, 12°) / N5-X25 (dish, 8°) تا ۲۵dBi می‌شود. بهره/بیمِ ستون‌ها مالِ آنتنِ بومی است. اختلاف با سایت: سایت «Connectorized با ۲× کانکتور N-type» -- منبع کانکتورِ N ندارد (twist-on اختصاصی)؛ باندِ سایت 5.1–5.85GHz، منبع 4900–6400MHz «restricted by country»؛ MIMO ۲×۲ (2x2:2) و IP67 و Passive PoE (24–56VDC) و PTP/PTMP تا 700Mbps IP (866 PHY) با سایت می‌خواند. حساسیت: فقط MCS0 در سه پهنا؛ بیشترین نرخ در منبع نیست. جدولِ Tx/Rx کامل در دیتاشیت نیست. | نوعِ آنتن را سازنده نام نمی‌برد؛ antenna_type خالی ماند."
6a89a98012e497ee8664908f,DN-0188,رادیو میموسا C6x,mimosa,RADIO_INTEGRATED,5150-7125,8,,,,,24,Max Output Power (دیتاشیتِ فعلیِ DS-2026-04)؛ نسخهٔ قدیمی‌تر ۲۷dBm می‌گفت,-96,MCS0، کانال ۲۰MHz (۴۰MHz: -93؛ ۸۰MHz: -90؛ ۱۶۰MHz: -87),,در منبع نیست (دیتاشیت فقط MCS0 می‌دهد),MIMOSA_6G,https://mimosa.co/sites/default/files/2026-07/Mimosa-Radisys-DS-2026-07-C6x.pdf,1405/07/10,منبع: دیتاشیتِ فعلیِ C6x که لینکِ «Download Specs» صفحهٔ https://mimosa.co/products/c6x است (DS-2026-04): Frequency 5150–7125MHz (پشتیبانیِ سخت‌افزار/چیپ، و محدود به مقرراتِ کشور)، Max Output Power 24dBm، Rx Sensitivity MCS0، 2x2، پهنای کانال 20/40/80/160MHz، آنتنِ بومیِ ۸dBi + آنتن‌هایِ twist-on سری N5-X (۱۲/۱۶/۲۰/۲۵/۳۰dBi). تعارضِ خودِ سازنده: دیتاشیتِ قدیمی‌ترِ C6x (https://mimosa.co/sites/default/files/2025-07/Mimosa-Radisys-C6x-Datasheet_DS-2025-03.pdf) توان ۲۷dBm و باند 5150–6425MHz می‌داد؛ بخشِ FAQِ صفحهٔ محصول هم ۲۷dBm و ابعادِ ۱۷۵×۷۰×۶۱mm (که ابعادِ C5x است) نوشته. عددِ دیتاشیتِ فعلی (۲۴dBm، محافظه‌کارانه‌تر) آمد -> مالک/مدیر تأیید کند کدام نسخه مالِ کالایِ موجود است. kind=RADIO_INTEGRATED: آنتنِ بومیِ ۸dBi دارد و کانکتورِ RF = N5-X twist-on (نه کانکتورِ N)؛ بهرهٔ ستون = ۸ (بدونِ آنتنِ اضافه)؛ با twist-on تا ۳۰dBi می‌شود. بیم‌ویدث و قطبشِ آنتنِ بومیِ C6x در دیتاشیت نیامده -> خالی (در C5x/B5x دیتاشیت قطبشِ Dual-slant 45° و بیمِ ۵۸ درجه می‌دهد، ولی برایِ C6x حدس نزدم). اختلاف با سایت: سایت «حداکثر خروجی ۲۷dBm»، دیتاشیتِ فعلی ۲۴dBm؛ سایت «ابعاد ۱۷۵×۷۰×۶۱mm»، دیتاشیت 178×113×67mm (وزن 0.7kg یکی است)؛ باند ۵٫۱۵–۷٫۱۲۵ سایت با دیتاشیتِ فعلی می‌خواند؛ بقیه (PTP ۲Gbps / PTMP ۱٫۷۵Gbps، IP67، ۲۰W، ۸–۳۰dBi) می‌خواند. جدولِ نرخ در منبع نیست (فقط MCS0 در ۴ پهنا) -- ردیف‌هایِ MCS0 در فایلِ MCS. | نوعِ آنتن را سازنده نام نمی‌برد؛ antenna_type خالی ماند.
6a5cbe3189e6bfd0ee962805,DN-0018,رادیو کلاینت یوبیکیوتی LiteBeam 5AC-23,ubnt,RADIO_INTEGRATED,5150-5875,23,,,,DUAL,24,Output Power 24dBm (±2dB)؛ در 1x BPSK(½) تا 4x 16QAM(¾)؛ در 8x 256QAM(5/6) فقط 19dBm؛ پهنای کانال در جدولِ سازنده نیامده,-96,1x BPSK (½)، ±2dB؛ پهنای کانال در دیتاشیت نیست,-65,8x 256QAM (5/6)، ±2dB؛ پهنای کانال در دیتاشیت نیست,UBNT_AIRMAX_AC,https://dl.ubnt.com/datasheets/LiteBeam/LiteBeam_ds.pdf,1405/07/10,منبع: دیتاشیتِ رسمیِ «LBE-M5-23 / LBE-5AC-23» (بلوکِ LBE-5AC-23: Antenna Gain 23 dBi، Max. TX Power 24 dBm، جدولِ airMAX ac؛ جدولِ Model Comparison: 2x2 MIMO، قطبش Vertical + Horizontal -> DUAL). هشدارِ مدل: دیتاشیتِ نسلِ جدید LBE-5AC-Gen2 (https://dl.ubnt.com/datasheets/LiteBeam/LiteBeam_AC_Gen2_DS.pdf) توانِ ۲۵dBm و جدولِ TX بالاتر می‌دهد (در 8x 256QAM(5/6): ۲۱dBm) و رادیوی مدیریتِ Wi-Fi دارد؛ حساسیت‌ها یکسان است. این ردیف طبقِ مدلِ سایت (LBE-5AC-23) نوشته شد؛ اگر کالایِ موجود در انبار Gen2 است عددِ TX باید ۲۵ شود -> مدیر/مالک تأیید کند. antenna_type=OTHER: سازنده نوعِ آنتن را نام نمی‌برد (بازتابندهٔ پانلیِ مرکزی+دو کناری)؛ سایت «پارابولیک» می‌گوید؛ پیشنهاد: DISH اگر مدیر بپذیرد. بیم‌ویدث فقط به‌صورتِ نمودارِ قطبی در دیتاشیت؛ عدد در منبع نیست. باند: Worldwide 5150-5875MHz (US: 5150-5850). اختلاف با سایت: «IP66» و «ظرفیت تا 450Mbps» در دیتاشیت نیست (۴۵۰+Mbps فقط در techspecsِ نسلِ Gen2 هست)؛ باندِ سایت «5.1–5.8GHz» با 5150-5875 تقریباً می‌خواند. بقیه (۲۳dBi، ۱×GbE، Passive PoE 24V، airMAX ac) می‌خواند. جدولِ سازنده (10 نرخ) پهنای کانال و Mbps ندارد؛ در فایلِ MCS. | نوعِ آنتن را سازنده نام نمی‌برد؛ antenna_type خالی ماند.
6a5cbe5d89e6bfd0ee96282e,DN-0219,Air Grid M5 27dbi,ubnt,RADIO_INTEGRATED,5725-5850,27,GRID,,,SINGLE,25,Output Power 25dBm (±2dB)؛ در MCS0-MCS2 و 11a ۱-۲۴Mbps؛ پهنای کانال در جدولِ سازنده نیامده,-97,MCS0 (و 11a ۱-۲۴Mbps «min»)، ±2dB؛ پهنای کانال در دیتاشیت نیست,-75,MCS7، ±2dB؛ پهنای کانال در دیتاشیت نیست,UBNT_AIRMAX_M,https://dl.ui.com/datasheets/airgridm/airGrid_HP.pdf,1405/07/10,منبع: دیتاشیتِ «airGrid M HP» (بلوکِ آخر = AG-HP-5G27: Gain 27 dBi، Output Power 25 dBm، جدولِ TX/RX). بیشترِ ادعاهای «Grid antenna» و «قطبش V یا H» از راهنمای رسمیِ همین مدل است: https://dl.ubnt.com/guides/airgrid/airGrid_AG-HP-5G27_QSG.pdf (بخش Specifications/Hardware Installation). اختلاف با سایت: باندِ سایت «۵٫۱–۵٫۸۵GHz»، دیتاشیت Operating Frequency = 5725-5850MHz (عددِ دیتاشیت آمد). ظرفیتِ سایت «تا 150Mbps»، دیتاشیت «100+ Mbps real outdoor throughput» (ص۲). «IP55» سایت در دیتاشیت نیست. قطبش: واژهٔ SINGLE در دیتاشیت نیست؛ QSG می‌گوید فید را برای قطبشِ دلخواه (V یا H) سوار کن و قطبشِ دو سرِ لینک باید یکی باشد -> یک قطبش در هر نصب = SINGLE. بیم‌ویدث: فقط به‌صورتِ نمودارِ قطبی (تصویر) در دیتاشیت؛ عدد در منبع نیست -> خالی. diameter_cm خالی (گریدِ ۶۲۰×۴۶۰×۳۶۰mm، دیش نیست). جدولِ سازنده شاملِ نرخ‌هایِ 11a (۱-۲۴/۳۶/۴۸/۵۴Mbps) و MCS0-7 است و پهنای کانال ندارد؛ همه در فایلِ MCS. تولرانسِ همهٔ اعدادِ TX/RX برابرِ ±2dB.
6a5cbe4d89e6bfd0ee96281f,DN-0227,رادیو یوبیکیوتی AirFiber 60 LR,ubnt,RADIO_INTEGRATED,57000-71000,38,DISH,,1.6,SINGLE,,,,,,,UBNT_AIRFIBER_60_LR,https://dl.ui.com/ds/af60-lr_ds.pdf,1405/07/10,منابع: دیتاشیتِ رسمی https://dl.ui.com/ds/af60-lr_ds.pdf (باند، پهنای کانال، توصیفِ آنتن به‌صورتِ دیشِ پربهره، ابعاد ⌀413×360mm) و صفحهٔ رسمیِ https://techspecs.ui.com/uisp/60ghz-wireless/af-60-lr (Antenna Gain 38 dBi، Polarization Vertically-Linear، Beamwidth Azimuth/Elevation 3dB 1.6°، Modulation 16QAM/QPSK) -- بهره و بیم و قطبش فقط در techspecs است و در خودِ PDF نیست. توانِ ارسال/EIRP و حساسیتِ گیرنده در هیچ‌کدام از دو منبع نیست -> در منبع نیست؛ جدولِ نرخ در منبع نیست (فایلِ MCS ردیفی ندارد). باند: «Worldwide 57~71 GHz، وابسته به منطقه»، پهنای کانال 2160 و 1080MHz. diameter_cm=41.3: سازنده فقط «Dimensions ⌀413mm» برایِ کلِ بدنهٔ گرد داده (قطرِ دیش جداگانه ذکر نشده). اختلاف با سایت: سایت «ظرفیت تا 1Gbps»، دیتاشیت «1.9 Gbps max throughput» (جدولِ System: 1.95Gbps)، techspecs «2 Gbps»؛ سایت «برد تا ۲ کیلومتر»، منبع «12+ km»؛ سایت «PoE 802.3af/at»، منبع «Passive PoE (۴جفت یا ۲جفت)، آداپتور 48VDC 0.65A» (Supported voltage 44–54V DC / 22–27V DC در techspecs)؛ «IP55» سایت در منبع نیست. | diameter_cm=41.3 قطرِ کلِ بدنه است نه قطرِ دیش؛ در ستون نیامد.
6a5cbe5489e6bfd0ee962826,DN-0228,رادیو یوبیکیوتی AirFiber 60 XG,ubnt,RADIO_INTEGRATED,57000-66000;5150-5875,,,,1.6,SINGLE,,,,,,,UBNT_AIRFIBER_60_XG,https://dl.ui.com/ds/af60-xg_ds.pdf,1405/07/10,منابع: دیتاشیتِ رسمی https://dl.ui.com/ds/af60-xg_ds.pdf و صفحهٔ رسمیِ https://techspecs.ui.com/uisp/60ghz-wireless/af60-xg (بیم‌ویدث و قطبش فقط در techspecs). بهرهٔ آنتن، توانِ ارسال (TX/EIRP) و حساسیتِ گیرنده در هیچ‌کدام از این دو منبع نیست -> در منبع نیست؛ جدولِ نرخ هم در منبع نیست (فایلِ MCS ردیفی ندارد). RF connections=Internal (آنتنِ یکپارچه). بیم‌ویدثِ 60GHz: Azimuth 3dB = ۱٫۶ درجه و Elevation 3dB = ۱٫۶ درجه؛ قطبشِ 60GHz «Vertically linear» -> SINGLE. رادیوی پشتیبانِ 5GHz هم دارد (US/CA U-NII-1/U-NII-3، Worldwide 5150-5875MHz، کانال 20/40/80MHz، قطبش Dual-linear، بیم ۵ درجه) که در bands_mhz بعد از ';' آمد؛ بیم/قطبشِ ستون‌ها مربوط به 60GHz است. antenna_type=DISH: دیتاشیتِ XG نوعِ آنتن را نام نمی‌برد (ابعاد 779×664×383mm)؛ DISH از ظاهرِ محصول و QSG مدلِ هم‌خانوادهٔ AF60 که «Dish» می‌نویسد -> مدیر بسنجد. diameter_cm خالی (ابعادِ غیردایره‌ای). اختلاف با سایت: سایت «۲× SFP+ (10GbE)»، منبع «(1) GbE RJ45 + (1) 1/10G SFP+»؛ سایت «تا ۵۰۰ متر (6Gbps) / تا ۲ کیلومتر»، منبع «Max range 4 km»؛ سایت «PoE++ (802.3bt)»، منبع «Passive PoE (۴جفت یا ۲جفت)، آداپتور 48VDC 0.65A» و Supported voltage 44–54V DC / 22–27V DC؛ سایت «6+Gbps»، منبع «60GHz: 3.8Gbps / 6Gbps (با channel bonding)؛ 5GHz: 866.6Mbps»؛ «IP55» سایت در منبع نیست. | antenna_type=DISH از ظاهرِ محصول بود نه از منبع؛ در ستون نیامد.
6a5cbde089e6bfd0ee9627b9,DN-0068,LDF 5 ac/به همراه آنتن 29 dbi,wireless-outdoor-mikrotik,RADIO_INTEGRATED,5150-5875,9,OTHER,,,,25,6MBit/s یا MCS0 (بیشینه),-96,6MBit/s یا MCS0,-70,MCS9,MIKROTIK_WIFI,https://mikrotik.com/product/ldf_5_ac,1405/07/10,"اختلافِ مهم با سایت: سایت می‌گوید «بهرهٔ آنتن ۲۹dBi» ولی صفحهٔ رسمیِ سازنده بهرهٔ آنتنِ خودِ LDF را فقط '9 dBi' می‌داند؛ LDF یک آنتنِ فیدِ کوچک (84×84×115mm) است که باید در کانونِ یک دیشِ ماهواره‌ای ژنریک (هر دیشِ آفست موجود در بازار) نصب شود -- دیش بخشی از مشخصهٔ رسمیِ MikroTik نیست و گینِ ترکیبیِ ۲۹dBi به دیشِ خاصِ هر مشتری بستگی دارد. سازنده: «The LDF (Lite Dish Feed) is an outdoor wireless system with a built in antenna, meant to be installed on satellite offset dish antennas. The dish will act as a reflector, amplifying the signal.» پس gain_dbi=9 (رسمیِ خودِ رادیو) ثبت شد، نه ۲۹. antenna_type=OTHER چون 'feed antenna' در enum جا نمی‌افتد. diameter_cm خالی چون خودِ LDF دیش نیست (فقط فید)."
6a5cbd6889e6bfd0ee962748,DN-0069,LHG XL HP5,wireless-outdoor-mikrotik,RADIO_INTEGRATED,5150-5875,27,GRID,,,DUAL,28,6Mbit/s یا MCS0,-96,6Mbit/s,-75,MCS7,MIKROTIK_WIFI,https://mikrotik.com/product/RBLHG-5HPnD-XL,1405/07/10,باندِ آمریکا محدودتر؛ عرضه هم به‌صورتِ ۴تایی (RBLHG-5HPnD-XL4pack)
6a5cbd7f89e6bfd0ee96275d,DN-0070,SXTsq Lite5,wireless-outdoor-mikrotik,RADIO_INTEGRATED,5150-5875,16,,,,,25,6MBit/s و MCS0 (بیشینهٔ جدولِ سازنده؛ پهنای کانال در جدول نیامده),-96,6MBit/s و MCS0 (کمترین نرخِ جدول؛ پهنای کانال در جدول نیامده),-75,MCS7 (بیشترین نرخِ جدول؛ پهنای کانال در جدول نیامده),MIKROTIK_WIFI,https://mikrotik.com/product/RBSXTsq5nD,1405/07/10,نوعِ آنتن، پهنای پرتو و پلاریزاسیون در صفحهٔ سازنده نیامده -> در منبع نیست. باند: 5150-5875 (بین‌المللی).
6a5cbe2d89e6bfd0ee962801,DN-0071,SXT SA5 AC,wireless-outdoor-mikrotik,RADIO_INTEGRATED,5150-5875,14,SECTOR,,90,,31,6Mbit/s,-96,6Mbit/s یا MCS0,-72,MCS9,MIKROTIK_WIFI,https://mikrotik.com/product/RBSXTG-5HPacD-SAr2,1405/07/10,پهنایِ پرتوِ ۹۰ درجه از توضیحِ محصول آمده، نه از جدولِ مشخصات
6a5cbdf289e6bfd0ee9627c9,DN-0074,اکسس پوینت میکروتیک OmniTIK 5 PoE ac,wireless-outdoor-mikrotik,RADIO_INTEGRATED,5150-5875,7.5,OMNI,,,,31,۶Mbit/s,-96,۶Mbit/s (کمترین نرخِ جدول؛ این دستگاه نرخِ لگاسیِ ۱/۱۱Mbit/s ندارد چون فقط ac/n است),-72,MCS9 (بیشترین نرخ),MIKROTIK_WIFI,https://mikrotik.com/product/rbomnitikpg_5hacd,1405/07/10,باندِ بین‌المللی ۵۱۵۰-۵۸۷۵MHz (US: ۵۱۷۰-۵۲۵۰ و ۵۷۲۵-۵۸۳۵ قفل). گینِ ۷٫۵dBi با techSpecsِ فعلیِ سایت («۲× یکپارچه ۷٫۵dBi») کاملاً همخوان است، بدونِ اختلاف.
6a5cbdef89e6bfd0ee9627c7,DN-0075,اکسس پوینت میکروتیک OmniTIK 5 ac,wireless-outdoor-mikrotik,RADIO_INTEGRATED,5150-5875,7.5,OMNI,,,,31,6MBit/s (بیشینه),-96,6MBit/s یا MCS0,-72,MCS9,MIKROTIK_WIFI,https://mikrotik.com/product/rbomnitikg_5hacd,1405/07/10,بهرهٔ ۷.۵dBi (۲× آنتنِ یکپارچهٔ همه‌جهت) دقیقاً با سایت می‌خواند؛ اختلافی نیست. این محصول هم رسماً discontinued است و سازنده RBOmniTikPG-5HacD را جایگزین معرفی می‌کند؛ موضوعِ تجاری برای اطلاعِ مدیر.
6a5cbe2889e6bfd0ee9627fc,DN-0076,اکسس پوینت میکروتیک مدل QRT 5 ac,wireless-outdoor-mikrotik,RADIO_INTEGRATED,5150-5875,24,PANEL,,,,31,۶Mbit/s,-96,۶Mbit/s (کمترین نرخ),-72,MCS9 (بیشترین نرخ),MIKROTIK_WIFI,https://mikrotik.com/product/RB911G-5HPacD-QRT,1405/07/10,باندِ بین‌المللی ۵۱۵۰-۵۸۷۵MHz (US: ۵۱۷۰-۵۲۵۰/۵۷۲۵-۵۸۳۵ قفل). سازنده این را «rugged outdoor flat panel antenna» می‌نامد، بنابراین antenna_type=PANEL گذاشته شد؛ techSpecsِ فعلیِ سایت آن را «سکتورِ مسطح ۲۴dBi» می‌نامد (SECTOR) — **اختلافِ طبقه‌بندی، نه عدد**: گینِ ۲۴dBi یکسان است، فقط برچسبِ نوعِ آنتن فرق دارد؛ مدیر/چتِ الف تصمیم بگیرد SECTOR بماند یا PANEL شود. هیچ beamwidth (زاویهٔ پرتو) در صفحهٔ رسمی منتشر نشده؛ خانه خالی ماند.
6a5cbd7889e6bfd0ee962757,DN-0077,LHG 5 — بستهٔ ۳تایی,wireless-outdoor-mikrotik,RADIO_INTEGRATED,5150-5875,24.5,GRID,,,DUAL,25,6Mbit/s یا MCS0,-96,6Mbit/s,-75,MCS7,MIKROTIK_WIFI,https://mikrotik.com/product/RBLHG-5nD,1405/07/10,باندِ آمریکا محدودتر (5170-5250;5725-5835)؛ همان مدلِ RBLHG-5nD برایِ هر دو نسخهٔ تکی و ۳تایی
6a5cbd6989e6bfd0ee962749,DN-0078,رادیو داینادیش میکروتیک DynaDish 5 ac,wireless-outdoor-mikrotik,RADIO_INTEGRATED,5150-5875,25,DISH,40.4,,,31,6MBit/s (بیشینهٔ جدول),-96,6MBit/s یا MCS0,-72,MCS9,MIKROTIK_WIFI,https://mikrotik.com/product/RBDynaDishG-5HacDr3,1405/07/10,"بهرهٔ ۲۵dBi و رادیویِ 802.11a/n/ac تا ۸۶۷Mbit/s دقیقاً با سایت می‌خواند؛ اختلافی نیست. قطر از 'Ø404mm, height 175mm' گرفته شد (40.4cm) -- سایت می‌گوید Ø404mm هم همین است. این محصول رسماً EOL شده و سازنده RBLHGG-5acD-XL4pack (یعنی LHG XL هم‌بسته‌ای) را جایگزین پیشنهاد می‌کند؛ برای تصمیمِ فروش به مدیر اطلاع داده شود (موضوعِ تجاری، نه عددی)."
6a5cbd6f89e6bfd0ee96274e,DN-0080,SXTsq 5 High Power,wireless-outdoor-mikrotik,RADIO_INTEGRATED,,16,,,,,28,6MBit/s و MCS0 (بیشینهٔ جدولِ سازنده؛ پهنای کانال در جدول نیامده),-96,6MBit/s و MCS0 (کمترین نرخِ جدول؛ پهنای کانال در جدول نیامده),-75,MCS7 (بیشترین نرخِ جدول؛ پهنای کانال در جدول نیامده),MIKROTIK_WIFI,https://mikrotik.com/product/sxtsq_5_high_power,1405/07/10,نوعِ آنتن، پهنای پرتو و پلاریزاسیون در صفحهٔ سازنده نیامده -> در منبع نیست. | بازهٔ عددیِ باند در صفحه نیامده (فقط «5 GHz»)؛ bands_mhz خالی ماند.
6a5cbdba89e6bfd0ee962795,DN-0081,رادیو میکروتیک Wireless Wire nRAY,wireless-outdoor-mikrotik,RADIO_INTEGRATED,58320-64800,,OTHER,,,,,در منبع نیست (فقط سقفِ EIRPِ نظارتی؛ نک. notes),,در منبع نیست,,در منبع نیست,MIKROTIK_60G_NRAY,https://mikrotik.com/product/wireless_wire_nray,1405/07/10,"صفحهٔ محصول و دیتاشیتِ DOC/بروشور، جدولِ Tx/Rx یا بهرهٔ آنتن را نمی‌دهند -- فقط 'Max EIRP 55 dBm or 40 dBm with EU region' در فایلِ WirelessWirenRAY_240939.pdf. حساسیتِ گیرنده هیچ‌جا داده نشده -> در منبع نیست. باند از دیتاشیتِ nRAY_60G_200513.pdf: 'Operational mode in the 60 GHz band: 58.32, 60.48, 62.64, 64.80 GHz' -- اینها چهار کانالِ گسسته‌اند نه بازهٔ پیوسته؛ bands_mhz پایین/بالا را نشان می‌دهد. اختلافِ مهم با سایت: سایت می‌گوید گذردهی 'تا ۱.۵ Gbps' اما بروشورِ رسمی می‌گوید '2 Gb/s aggregate link' (عنوانِ اصلیِ محصول). اختلافِ دوم: سایت می‌گوید مصرف '۱۵W' اما دیتاشیتِ رسمی 'Max power consumption 6 W' می‌گوید. هر دو را به چتِ الف اطلاع بده. آرایهٔ فازی دیجیتالی -> antenna_type=OTHER چون در enum گزینهٔ phased-array نیست. | سقفِ نظارتیِ EIRP در منبع: 55 dBm (Max EIRP (نه توانِ خروجیِ خالص)؛ در منطقهٔ EU حداکثر 40dBm EIRP). EIRP توانِ خروجیِ رادیو نیست و بهرهٔ آنتن را هم دربردارد؛ در tx_max_dbm نیامد تا در محاسبهٔ لینک بهره دوبار حساب نشود."
6a5cbde289e6bfd0ee9627ba,DN-0082,رادیو وایرلس DISC Lite5 ac میکروتیک,wireless-outdoor-mikrotik,RADIO_INTEGRATED,5150-5875,21,DISH,26.5,,,25,6MBit/s یا MCS0 (بیشینه),-96,6MBit/s یا MCS0,-70,MCS9,MIKROTIK_WIFI,https://mikrotik.com/product/disc_lite5_ac,1405/07/10,"بهرهٔ ۲۱dBi و رادیویِ 802.11a/n/ac تا ۸۶۷Mbit/s دقیقاً با سایت می‌خواند؛ اختلافی نیست. قطر از '⌀265mm, height 80mm' گرفته شد (26.5cm)."
6a89a97f12e497ee8664908d,DN-0085,Cube 60Pro ac,wireless-outdoor-mikrotik,RADIO_INTEGRATED,,11.5,SECTOR,,,,22,6Mbit/s یا MCS0 — فقط رادیوی پشتیبانِ ۵گیگ,-93,6Mbit/s (۵گیگ),-68,MCS9 (۵گیگ),MIKROTIK_60G_AY;MIKROTIK_WIFI,https://mikrotik.com/product/wireless_wire_cube_pro,1405/07/10,دستگاه دو-رادیویی است: ۶۰گیگ اصلی (802.11ay) + ۵گیگ پشتیبان برایِ هوایِ بد. گین و Tx/Rxِ خودِ رادیویِ ۶۰گیگ در صفحهٔ سازنده منتشر نشده — فقط رادیوی ۵گیگِ پشتیبان را دارد؛ باندِ ۶۰گیگ هم مشخص نشده. در notes نوشته شد؛ بهره 11.5dBi که در جدول آمد برایِ رادیوی ۵گیگ است
6a89633912e497ee86649089,DN-0088,LHG 5 ax,wireless-outdoor-mikrotik,RADIO_INTEGRATED,,24.5,GRID,,,,24,6Mbit/s یا MCS0,-96,6Mbit/s,-67,MCS11,MIKROTIK_WIFI_AX,https://mikrotik.com/product/lhg_5_ax,1405/07/10,| بازهٔ عددیِ باند و پلاریزاسیون در صفحهٔ سازنده نیامده (فقط «5 GHz»)؛ خالی ماند.
6a5cbdf589e6bfd0ee9627cc,DN-0089,رادیو وایرلس میکروتیک LHG 60G,wireless-outdoor-mikrotik,RADIO_INTEGRATED,57000-66000,,DISH,39.1,,,,در منبع نیست (فقط سقفِ EIRPِ نظارتی؛ نک. notes),,در منبع نیست,,در منبع نیست,MIKROTIK_60G_LHG,https://help.mikrotik.com/docs/spaces/UM/pages/14221692/LHG+60G,1405/07/10,این دستگاه فقط یک رادیوی ۶۰GHz دارد؛ **هیچ رادیوِ پشتیبانِ ۵GHz ندارد** (نه در صفحهٔ محصول mikrotik.com/product/lhg_60g، نه در بروشور، نه در راهنمای کاربر چیزی از رادیوِ دوم/باندِ ۵GHz نیامده) — فرضِ مطرح‌شده در تسک دربارهٔ «رادیوِ پشتیبانِ ۵گیگ» برایِ این مدلِ خاص رد می‌شود. باند از متنِ رسمیِ راهنما: «57-66GHz: 34.92 dBm» (محدودیتِ EU) + جدولِ «Operational channels»: ۵۸٫۳۲GHz / ۶۰٫۴۸GHz / ۶۲٫۶۴GHz، هرکدام با سقفِ <40dBm. قطرِ دیش از بروشور: Ø 391mm = ۳۹٫۱cm. هیچ گین/حساسیتِ گیرنده‌ای برایِ این خطِ تولید (۶۰GHz) در هیچ سندِ رسمیِ میکروتیک پیدا نشد — ستون‌ها خالی ماندند. techSpecsِ فعلیِ سایت فقط «باند/استاندارد: ۶۰ گیگاهرتز · 802.11ad» دارد، بدونِ گین/حساسیت؛ اختلافی نیست چون سایت هم چیزی ادعا نکرده. | سقفِ نظارتیِ EIRP در منبع: <40 dBm (سقفِ مجازِ EIRP طبقِ مقرراتِ اتحادیهٔ اروپا (ETSI)، در هر سه کانالِ عملیاتی ۵۸٫۳۲/۶۰٫۴۸/۶۲٫۶۴GHz — این عددِ نظارتی است، نه توانِ واقعیِ خروجیِ رادیو که سازنده منتشر نکرده). EIRP توانِ خروجیِ رادیو نیست و بهرهٔ آنتن را هم دربردارد؛ در tx_max_dbm نیامد تا در محاسبهٔ لینک بهره دوبار حساب نشود.
6a5cbdeb89e6bfd0ee9627c3,DN-0090,رادیو وایرلس میکروتیک LHG XL 5 ac,wireless-outdoor-mikrotik,RADIO_INTEGRATED,5150-5875,27,DISH,55,,,25,6MBit/s یا MCS0 (بیشینه),-96,6MBit/s یا MCS0,-70,MCS9,MIKROTIK_WIFI,https://mikrotik.com/product/lhg_xl_5_ac,1405/07/10,آدرسِ درستِ صفحه (طبقِ یادداشتِ کارفرما) 'lhg_xl_5_ac' است -- حدسِ قبلیِ 'lhg_5_ac_xl' ۴۰۴ می‌داد و اینجا تأیید شد. بهرهٔ ۲۷dBi دقیقاً با سایت می‌خواند؛ اختلافی نیست. قطر از 'Ø 550 x 245 mm' گرفته شد (55cm).
6a89633912e497ee8664908a,DN-0091,LHG XL 5 ax,wireless-outdoor-mikrotik,RADIO_INTEGRATED,,27,GRID,,,,24,6Mbit/s یا MCS0,-96,6Mbit/s,-67,MCS11,MIKROTIK_WIFI_AX,https://mikrotik.com/product/lhg_5_ax_xl,1405/07/10,| بازهٔ عددیِ باند و پلاریزاسیون در صفحهٔ سازنده نیامده (فقط «5 GHz»)؛ خالی ماند.
6a5cbdf089e6bfd0ee9627c8,DN-0092,رادیو وایرلس میکروتیک Metal 52 ac,wireless-outdoor-mikrotik,RADIO_INTEGRATED,2412-2484;5150-5875,6,OMNI,,,,31,۱Mbit/s (۲٫۴GHz) یا ۶Mbit/s و MCS0 (۲٫۴GHz و ۵GHz) — رجوع به جدولِ کاملِ نرخ‌ها,-97,۲٫۴GHz، ۱Mbit/s (کمترین نرخِ لگاسی),-69,۵GHz، MCS9 (بیشترین نرخ، تا ۴۳۳Mbit/s با ۱ زنجیره),MIKROTIK_WIFI,https://mikrotik.com/product/RBMetalG-52SHPacn,1405/07/10,باندِ بین‌المللی: ۲۴۱۲-۲۴۸۴MHz و ۵۱۵۰-۵۸۷۵MHz (نسخهٔ US قفلِ کارخانه‌ای ۲۴۱۲-۲۴۶۲/۵۱۷۰-۵۲۵۰/۵۷۲۵-۵۸۳۵ دارد). جدولِ «Wireless specifications» سایتِ میکروتیک فقط یک عددِ گین (۶dBi) برایِ هر دو باند می‌دهد، اما بخشِ «Included parts» همان صفحه می‌گوید آنتنِ همراه «۶dBi / ۸dBi omni antenna» است — یعنی احتمالاً ۶dBi برایِ ۲٫۴GHz و ۸dBi برایِ ۵GHz، ولی سازنده عددِ جداگانه برایِ ۵GHz در جدولِ مشخصات نگذاشته؛ **سؤالِ بازِ خانواده/طبقه‌بندی**: این مدل یک کانکتورِ N-male خارجی دارد (شبیهِ NetMetal/BaseBox که kind=RADIO شدند) ولی چون سازنده گینِ آنتنِ همراه را در همان جدولِ استانداردِ RADIO_INTEGRATED منتشر کرده و آنتن به‌صورتِ پیش‌فرض با دستگاه می‌آید، اینجا RADIO_INTEGRATED گذاشته شد — مدیر/چتِ الف باید تأیید کند. techSpecsِ فعلیِ سایت «باند ۲٫۴GHz یا ۵GHz قابلِ انتخاب» و «آنتن N-male + omni ۸dBi همراه» می‌گوید که با گینِ ۸dBi (نه ۶dBi) همخوان‌تر است — اختلافِ احتمالی، نیازمندِ بازبینیِ مدیر.
6a5cbd8389e6bfd0ee962761,DN-0098,رادیو وایرلس میکروتیک QRT 5,wireless-outdoor-mikrotik,RADIO_INTEGRATED,5150-5875,24,PANEL,,,,30,6MBit/s یا MCS0 (بیشینه در جدولِ سازنده)، تک‌باندِ 5GHz,-96,6MBit/s یا MCS0 (کمترین نرخِ جدول),-75,MCS7 (بیشترین نرخِ جدول),MIKROTIK_WIFI,https://mikrotik.com/product/RB911G-5HPnD-QRT,1405/07/10,بهره ۲۴dBi و استانداردِ 802.11a/n دوزنجیره دقیقاً با متنِ فعلیِ سایت می‌خواند؛ اختلافی نیست. باندِ بین‌المللی 5150-5875MHz (نسخهٔ US قفل‌شده روی 5170-5250 و 5725-5835MHz است). پلاریزاسیون و بیم‌ویدث در صفحهٔ محصول داده نشده -> در منبع نیست. جدولِ Tx/Rx سازنده پهنای کانال ندارد؛ فقط برچسبِ نرخ.
6a5cbddf89e6bfd0ee9627b8,DN-0099,SXTsq 5 ac,wireless-outdoor-mikrotik,RADIO_INTEGRATED,5150-5875,16,,,,,25,6MBit/s و MCS0 (بیشینهٔ جدولِ سازنده؛ پهنای کانال در جدول نیامده),-96,6MBit/s و MCS0 (کمترین نرخِ جدول؛ پهنای کانال در جدول نیامده),-70,MCS9 (بیشترین نرخِ جدول؛ پهنای کانال در جدول نیامده),MIKROTIK_WIFI,https://mikrotik.com/product/sxtsq_5_ac,1405/07/10,نوعِ آنتن، پهنای پرتو و پلاریزاسیون در صفحهٔ سازنده نیامده -> در منبع نیست. باند: 5150-5875 (بین‌المللی).
6a8962fd12e497ee86649087,DN-0100,SXTsq 5 ax,wireless-outdoor-mikrotik,RADIO_INTEGRATED,,16,,,,,24,6MBit/s و MCS0 (بیشینهٔ جدولِ سازنده؛ پهنای کانال در جدول نیامده),-96,6MBit/s و MCS0 (کمترین نرخِ جدول؛ پهنای کانال در جدول نیامده),-67,MCS11 (بیشترین نرخِ جدول؛ پهنای کانال در جدول نیامده),MIKROTIK_WIFI_AX,https://mikrotik.com/product/sxtsq_5ax,1405/07/10,نوعِ آنتن، پهنای پرتو و پلاریزاسیون در صفحهٔ سازنده نیامده -> در منبع نیست. | بازهٔ عددیِ باند در صفحه نیامده (فقط «5 GHz»)؛ bands_mhz خالی ماند.
6a5cbdf489e6bfd0ee9627cb,DN-0101,رادیو وایرلس میکروتیک mANTBox 15s,wireless-outdoor-mikrotik,RADIO_INTEGRATED,5150-5875,15,SECTOR,,120,DUAL,31,۶Mbit/s,-96,۶Mbit/s (کمترین نرخ),-72,MCS9 (بیشترین نرخ),MIKROTIK_WIFI,https://mikrotik.com/product/RB921GS-5HPacD-15S,1405/07/10,باندِ بین‌المللی ۵۱۵۰-۵۸۷۵MHz. بهره و زاویهٔ ۱۲۰° و قطبشِ دوگانه (dual polarization) مستقیماً در زیرعنوانِ صفحهٔ محصول آمده. با techSpecsِ فعلیِ سایت (سکتورِ یکپارچه ۱۵dBi) همخوان.
6a5cbdfb89e6bfd0ee9627d2,DN-0102,رادیو وایرلس میکروتیک mANTBox 19s,wireless-outdoor-mikrotik,RADIO_INTEGRATED,,19,SECTOR,,120,DUAL,31,۶Mbit/s,-96,۶Mbit/s (کمترین نرخ),-72,MCS9 (بیشترین نرخ),MIKROTIK_WIFI,https://mikrotik.com/product/RB921GS-5HPacD-19S,1405/07/10,این محصول توسطِ میکروتیک منسوخ شده و صفحهٔ زندهٔ آن دیگر بازهٔ MHz را منتشر نمی‌کند (برخلافِ mANTBox 15s که همان صفحه هنوز «۵۱۵۰-۵۸۷۵MHz» را دارد). یک نتیجهٔ جستجوی وب (نه منبعِ مستقیمِ سازنده) رقمِ «۵۱۷۰-۵۸۳۵MHz» را به این مدل نسبت داد، ولی چون آن از خلاصه‌سازیِ هوش‌مصنوعی بود نه متنِ خودِ صفحه، طبقِ قاعدهٔ منبع اینجا لحاظ نشد و خانهٔ bands_mhz خالی ماند — نیاز به دیتاشیتِ آرشیوی یا تأییدِ مدیر. گین/زاویه/قطبش از زیرعنوانِ خودِ صفحه («۱۹dBi، ۱۲۰ درجه، dual polarization») که هنوز روی سایت هست. جدولِ Tx/Rx هم هنوز روی صفحه موجود است و با mANTBox 15s یکسان است (همان چیپ/پلتفرمِ RB921). سایت خودش توصیه می‌کند جایگزین mANTBox ax 15s باشد؛ techSpecsِ فعلیِ سایت با گینِ ۱۹dBi همخوان، اختلافی نیست.
6a8962fd12e497ee86649085,DN-0103,رادیو وایرلس میکروتیک mANTBox ax 15s,wireless-outdoor-mikrotik,RADIO_INTEGRATED,,15,SECTOR,,,,29,۲٫۴GHz، ۶Mbit/s یا MCS0 (بیشینهٔ کلِ جدول؛ در ۵GHz بیشینه ۲۸dBm است),-100,۲٫۴GHz، ۱Mbit/s (کمترین نرخِ کلِ جدول),-67,MCS11 — در هر دو باند یکسان,MIKROTIK_WIFI_AX,https://mikrotik.com/product/mantbox_ax_15s,1405/07/10,دستگاه دوبانده با دو آنتنِ یکپارچهٔ جدا: «Antenna gain dBi for 2.4 GHz: 12» و «Antenna gain dBi for 5 GHz: 15» — طبقِ قاعدهٔ «بیشینهٔ بهره در باند»، عددِ بزرگ‌تر (۱۵dBi، باندِ ۵GHz) در ستونِ gain_dbi گذاشته شد؛ عددِ ۲٫۴GHz (۱۲dBi) اینجا یادداشت شد تا گم نشود. برخلافِ مدل‌هایِ قدیمی‌ترِ mANTBox، این صفحه هیچ «۱۲۰ درجه» یا «dual polarization» در متنِ خود نیاورده؛ beamwidth_deg و polarization به‌همین‌دلیل خالی ماندند («در منبع نیست»)، هرچند احتمالاً هندسه مشابهِ بقیهٔ خانواده است — نیازمندِ تأییدِ دیتاشیت یا مدیر. باندِ دقیقِ MHz هم منتشر نشده؛ bands_mhz خالی. Wi-Fi 6 — همان سؤالِ خانوادهٔ سازگاری.
6a5cbe4289e6bfd0ee962815,DN-0104,رادیو وایرلس میکروتیک mANTBox2 12s,wireless-outdoor-mikrotik,RADIO_INTEGRATED,,12,SECTOR,,120,DUAL,30,۱Mbit/s، ۱۱Mbit/s، ۶Mbit/s یا MCS0,-100,۱Mbit/s (کمترین نرخ),-73,MCS7 (بیشترین نرخ),MIKROTIK_WIFI,https://mikrotik.com/product/mantbox_2_12s,1405/07/10,صفحهٔ رسمی فقط «۲٫۴GHz» می‌گوید، بازهٔ دقیقِ MHz در هیچ پاراگرافی نیامده → bands_mhz خالی ماند. گین/زاویه/قطبش از زیرعنوانِ صفحه («۱۲dBi، ۱۲۰ درجه، dual polarization»)، با techSpecsِ فعلیِ سایت («سکتورِ یکپارچه ۱۲dBi، زاویه ۱۲۰°») کاملاً همخوان.
6a5cbdfe89e6bfd0ee9627d5,DN-0105,لینک بی‌سیم میکروتیک LHG 60G — Wireless Wire Dish (مدل RBLHGG-60adkit),wireless-outdoor-mikrotik,RADIO_INTEGRATED,57000-66000,,DISH,39.1,,,,در منبع نیست (فقط سقفِ EIRPِ نظارتی؛ نک. notes),,در منبع نیست,,در منبع نیست,MIKROTIK_60G_LHG,https://mikrotik.com/product/wireless_wire_dish,1405/07/10,این کیت دقیقاً دو عددِ همان RBLHGG-60ad (ردیفِ محصولِ #۴ بالا) است که کارخانه‌ای جفت/پیکربندی شده‌اند؛ رادیو/آنتن یکی است، هیچ دادهٔ جدیدی ندارد. باز هم **فقط یک رادیوی ۶۰GHz در هر واحد**، بدونِ رادیوِ پشتیبانِ ۵GHz — در صفحهٔ محصول و بروشورِ RBLHGG-60adkit چیزی از باندِ دوم نیامده. گین/حساسیت برایِ خطِ ۶۰GHz در هیچ سندِ رسمی منتشر نشده (رجوع به یادداشتِ ردیفِ #۴). | سقفِ نظارتیِ EIRP در منبع: <40 dBm (سقفِ مجازِ EIRP طبقِ مقرراتِ اتحادیهٔ اروپا (ETSI)، هر سه کانالِ ۵۸٫۳۲/۶۰٫۴۸/۶۲٫۶۴GHz — عددِ نظارتی، نه توانِ واقعیِ رادیو). EIRP توانِ خروجیِ رادیو نیست و بهرهٔ آنتن را هم دربردارد؛ در tx_max_dbm نیامد تا در محاسبهٔ لینک بهره دوبار حساب نشود.
6aa8fe1ebf8f7b294c0ef4b0,DN-0229,LHG 5 — تکی,wireless-outdoor-mikrotik,RADIO_INTEGRATED,5150-5875,24.5,GRID,,,DUAL,25,6Mbit/s یا MCS0,-96,6Mbit/s,-75,MCS7,MIKROTIK_WIFI,https://mikrotik.com/product/RBLHG-5nD,1405/07/10,باندِ آمریکا محدودتر (5170-5250;5725-5835)؛ همان مدلِ RBLHG-5nD برایِ هر دو نسخهٔ تکی و ۳تایی
6a5cbe6f89e6bfd0ee96283f,DN-0218,رادیو کمبیوم نتورک 6GHz FORCE 4630 — آنتن یکپارچه ۳۰dBi,cambium,,,,,,,,,در منبع نیست,,در منبع نیست,,در منبع نیست,,,1405/07/10,در منبع نیست: kind، bands_mhz، gain_dbi، antenna_type، diameter_cm، beamwidth_deg، polarization، tx_max، sens_low، sens_high، compat_family و جدولِ نرخ (فایلِ دوم برای این محصول ردیف ندارد) -- چون سازنده چنین محصولی را منتشر نکرده. دیتاشیتِ رسمیِ Force 4630 وجود ندارد؛ بررسی‌ها: (۱) صفحهٔ محصول https://www.cambiumnetworks.com/products/epmp/epmp-6-ghz-force-4630/ و صفحهٔ دیتاشیتِ مشابه -> HTTP 404؛ (۲) فهرستِ رسمیِ ePMP در https://www.cambiumnetworks.com/products/epmp/ ماژول‌های مشترکِ ۶گیگ را فقط Force 4616 (آنتن 16dBi)، Force 4600C و Force 4625 (آنتن 25dBi) نشان می‌دهد؛ (۳) ماتریسِ سازگاریِ «ePMP Software User Guide Release 5.10.2» (https://brandcentral.cambiumnetworks.com/asset/e22bbc3b-dfaf-457d-b447-c7be7fbb1c8a/ePMP_Software-User-Guide.pdf) فقط Force 4625 و Force 4600C را از خانوادهٔ 4600 می‌شمارد؛ (۴) دیتاشیت‌های 4600C / 4625 / 4616 / AP 4600 و جست‌وجوی «4630» در سایتِ سازنده و وب نتیجه‌ای ندادند؛ (۵) صفحهٔ سازنده https://www.cambiumnetworks.com/products/epmp/epmp-6-ghz-force-4600-c/ می‌گوید سازنده می‌گوید افزودنیِ اختیاریِ range extender (جدا سفارش داده می‌شود) بهره را تا 28dBi می‌رساند -- یعنی حتی با افزودنی بیشینهٔ رسمیِ سازنده 28dBi است، نه 30. ناسازگاریِ درونِ خودِ سایتِ ما: techSpecs می‌گوید «آنتن یکپارچه ۳۰ dBi» و «5.925–7.125 GHz» (kind=RADIO_INTEGRATED)، ولی فیلدِ specifications قدیمیِ همین محصول می‌گوید «2 کانکتور RP-SMA برای اتصال آنتن خارجی»، «گیرندگی آنتن حدود 22 dBi»، «باند 4.7 تا 6.4 گیگاهرتز»، «IP66» (kind=RADIO؛ RP-SMA شکلِ کانکتوردارِ 4600C سازنده است). به همین دلیل kind را خالی گذاشتم. نزدیک‌ترین محصولاتِ رسمی (برای مقایسهٔ مدیر، نه برای درج): Force 4625 (DN-0217) و Force 4600C (DN-0216). نیازمندِ تصمیمِ مدیر: کالای واقعی چیست؟ (نامِ اشتباهِ 4625؟ 4600C + دیشِ بیرونی؟ کالای غیرِ کمبیوم؟) تا آن وقت عددی وارد نمی‌شود.
